Token,Count
valve,11820
31,8537
water,7764
pressure,7213
32,6332
isolation,5767
pump,5360
air,5153
switch,4800
1,4513
heater,4151
2,3872
supply,3560
33,3400
spare,3337
vent,2933
drain,2859
ff,2673
control,2577
outlet,2574
tank,2504
limit,2497
fan,2461
oil,2373
3,2340
indicator,2336
pulverizer,2309
ash,2303
hot,2254
inlet,2212
motor,2091
temperature,2081
unit,2035
damper,1980
filter,1946
coal,1873
discharge,1811
low,1767
steam,1609
cooling,1579
header,1534
high,1519
aux,1518
hopper,1510
line,1500
fbm,1470
flow,1411
open,1409
silo,1390
power,1351
south,1339
level,1277
4,1258
fabric,1249
light,1233
return,1221
to,1217
closed,1193
cabinet,1178
el,1115
building,1114
burner,1071
boiler,1055
ta,1025
34,998
matrix,963
207c,908
compartment,901
seal,885
test,884
cv,864
main,857
feed,857
blow,852
feeder,852
c,843
aqcs,843
gen,833
mill,831
transmitter,823
e,811
lime,798
coil,786
equipment,769
r,769
36,758
solinoid,756
temp,754
spray,754
ahu,751
haq,747
5,727
breaker,721
sec,721
bfp,708
t,702
0ab,698
bfpt,696
sus,682
storage,668
306,663
tower,645
recycle,641
north,636
302,629
304,623
drive,623
310,622
transformer,622
301,621
305,614
303,612
in,606
307,605
a,604
rm,600
fdr,600
b,599
37,597
bearing,595
308,577
bus,570
stg,565
area,564
absorber,564
i,553
sootblower,552
309,552
well,545
space,543
id,530
lube,513
sh,511
leg,506
dp,502
blower,498
turbine,496
gate,494
receptacle,492
4ab,473
3ab,468
st,467
11,467
6,465
lo,464
w,462
recp,457
l,456
recirculation,453
16,451
fp,451
cooler,450
atomizer,449
close,448
compressor,445
gas,438
panel,431
10,431
ls,430
xmtr,426
201,420
ac,418
202,417
extraction,416
bottom,411
instr,411
d,410
heat,408
12,392
disconnect,392
balance,392
35,390
phase,388
heating,384
resist,380
element,380
solenoid,375
cab,370
lighting,370
xfr,368
cd,367
trb,366
solids,361
htb,361
west,360
east,359
check,358
aph,354
h,353
transfer,351
input,350
circ,349
pri,345
ltg,345
vacuum,343
suct,342
local,342
gage,340
7,338
switchitch,338
swtch,333
13,332
additive,330
rev,329
hose,329
chiller,326
res,326
lance,325
clr,324
co,321
trip,321
fire,317
sbwb,317
quick,317
f,315
er,314
9,314
differential,314
igntr,312
970,311
flush,310
m,310
14,304
exchanger,304
ungrd,304
relief,302
01,301
system,301
hph,300
euh,298
15,297
g,297
2nd,297
02,296
for,296
0,295
maint,294
module,293
pumps,293
aeration,293
250v,291
pa,290
bin,289
prv,288
rejects,288
makeup,283
first,282
suction,280
trbine,280
shutoff,280
coolng,274
03,272
sta,271
stator,270
igniter,268
grd,266
way,265
inerting,265
sample,262
outlt,262
8,261
pot,260
hwuh,260
byps,260
receptacles,260
primary,259
fuses,259
bypass,258
strain,255
scrubber,254
duct,252
sa,252
08,251
thermocouple,251
lmst,250
ft,248
09,246
05,244
te,244
04,243
drum,243
eef,243
rear,243
cnd,242
07,241
comp,241
h2,241
stage,239
ckt,238
strainer,236
electric,236
06,236
on,235
disc,234
side,233
cntl,232
channel,231
sda,230
hi,229
242,229
pilot,228
fuel,227
dry,227
digital,227
sys,226
38,225
cl,225
emerg,224
not,223
injection,219
ball,217
cond,216
from,216
o,215
purge,215
shtoff,215
jet,214
output,214
gauge,214
lift,213
instrument,212
toggle,212
demin,211
retract,210
stop,208
selector,208
da,208
ik,208
ra,204
tr,203
room,200
mcc,195
pwr,193
fuse,192
condensate,192
cndsr,192
warning,191
sump,190
pnl,189
safety,188
pneumatic,186
chilled,185
eec,182
shop,181
speed,180
iad,180
dc,179
roof,179
ater,179
3a,178
trim,177
conn,177
tp,177
slurry,176
he,176
up,175
pipe,175
xdcr,175
posion,174
mixer,173
215,173
accessory,172
wdm,172
dust,171
y,171
xv,171
ge,171
fluidizing,169
anion,169
ef,169
cnvr,168
heate,166
deluge,166
current,166
horn,166
rack,165
point,164
cold,164
dryer,163
trap,163
cation,162
trans,162
se,161
ro,161
asn,159
start,158
scanner,158
inst,158
600v,157
acid,157
le,157
dampr,156
wash,155
river,155
nzle,155
ssg,155
pol,154
parking,154
isln,154
plenum,153
ter,153
30a,152
brnr,152
tie,151
reheat,151
lot,150
gv,150
ts,150
command,150
311,149
15a,148
frnt,148
door,147
misc,146
secondary,146
1st,146
fw,146
push,145
station,145
dv,145
u3,144
absrbr,144
port,144
fluid,143
lpi,142
ht,142
inner,142
flue,141
end,141
cont,141
wall,140
clearing,140
swngvlv,140
ph,140
sluice,139
hcb,138
plant,137
rw,137
soot,136
slot,136
draft,135
receiver,135
af,135
exchr,135
service,134
button,134
312,133
dump,133
smpl,133
dt,131
elecric,130
chem,130
alarm,130
hwch,130
collection,129
va,129
loc,129
and,128
ign,128
fi,128
connection,128
fl,128
tv,128
htg,127
reg,127
emergency,127
head,126
brk,126
16kv,124
stack,123
emer,123
demineralizer,123
atomizing,123
flex,123
generator,122
lt,122
n2,122
riv,122
heaters,121
windbox,121
1a,120
ammonia,120
reserve,120
3b,120
cannon,120
ventilator,119
analyzer,119
21,119
orifice,119
rh,119
shell,119
pre,118
car,118
outer,118
edh,117
22,117
witch,117
crane,116
serv,116
is,115
flo,115
313,114
ehc,113
cls,113
solnd,113
pow,113
ch,112
upply,112
probe,112
wv,112
aqc,111
bmg,110
cabine,110
det,109
lve,109
fill,108
elec,108
dea,108
signal,107
portable,107
shc,107
splitter,107
saph,107
lower,106
blr,106
pas,106
temperatures,106
fcm2f4,106
preactn,106
hvac,105
preheat,105
potable,104
mo,104
recorder,104
sol,104
branch,104
314,103
3001,103
sf,103
secnd,103
detector,103
swgr,103
drip,103
k,102
off,102
pm,102
cprsr,102
wdg,102
smoke,102
all,101
alrm,101
incoming,101
sl,101
vertical,100
coll,100
slury,100
winding,100
lighter,100
op,100
ofa,100
landfill,99
transition,99
prime,99
sv,99
psi,99
voltage,99
trmclpe,99
office,98
deaerator,97
u,97
cems,97
scf,97
monitor,96
exhst,96
dtctr,96
let,96
4000,96
rcpt,96
poke,96
hole,96
booster,95
or,95
203,95
sync,95
sb,95
51r,94
proc,94
100,93
ng,93
pr,93
tion,93
relay,93
dr,92
whse,92
re,92
remote,92
fcp270,92
bg,91
induced,91
hsb,91
pb,91
coo,91
block,91
co2,90
after,90
rtn,90
lghtng,90
cell,90
nat,90
tor,89
30,89
ou,89
shower,89
sp,88
of,88
lwr,88
hoist,87
ssh,87
coils,86
holding,86
perm,86
x,85
mn,85
multimeter,85
1010,84
outboard,84
nozzle,84
mfld,84
blowdown,83
323,83
324,83
fo,83
box,83
1b,83
swing,83
eturn,83
cleaning,82
so,82
qsa,82
chemical,81
str,81
rec,81
bnk,81
bypas,81
rv,81
set,81
position,81
desuphtr,81
hli,81
platen,81
chlr,81
upper,80
protection,80
rtd,80
sat,80
card,80
20,79
fu,79
front,79
bearings,79
exh,79
elv,79
3002,78
gear,78
dscnt,78
auto,78
clng,78
basin,77
belt,77
recvr,77
caustic,77
28,77
seat,77
dilution,77
econ,76
roll,76
field,76
tube,76
disch,76
secndary,76
cw,76
calibrator,76
rtc,76
slds,76
exhstr,76
fro,76
321,75
325,75
ir,75
losed,75
intmd,75
17,74
00,74
meter,74
hea,74
wsw,74
train,74
vibration,73
o2,73
welding,73
di,73
reservoir,73
outvlv,73
shaft,73
relvlv,73
press,73
hct,73
trough,72
handling,72
322,72
pac,72
rate,72
cc,72
washvlv,72
actr,72
cleanng,71
gearbox,71
leak,71
ontrol,71
motion,71
configurator,71
exhaust,70
mod,70
27,70
990,70
pstn,70
protect,70
normal,70
recptcls,70
wcl,70
norm,70
double,70
pyrites,69
machine,69
dist,69
isolati,69
vel,69
wsp,69
blwdwn,68
trmcl,68
conditioner,67
aw,67
flr,67
hydrgn,67
2a,67
no,67
checkvlv,67
pnt,67
solation,67
ah,66
p,66
separator,66
320,66
18,66
chil,66
cat,66
ip,66
back,66
terminal,66
extract,66
hc,66
weld,65
lvl,65
clearng,65
pos,65
prg,65
inbrd,65
val,65
sms,65
washdown,65
prewrmg,65
preheater,64
po,64
lter,64
ent,64
4160v,64
3005,63
exhster,63
ply,63
feedwater,63
garage,62
degasifier,62
sep,62
backwash,62
windng,62
swi,62
xs,62
fem100,62
static,61
hood,61
tlet,61
vib,61
fldzg,61
ev,61
locker,60
circuit,60
oxygen,60
weigh,60
hyd,60
25,60
prep,60
eff,60
fog,60
wer,60
scrn,60
gates,60
slope,60
sbik,60
480v,60
cln,60
preaction,60
intk,60
pit,59
economizer,59
outsd,59
il,59
waste,59
regulator,59
trmclpeou,59
ve,59
39,58
3007,58
clean,58
207,58
manual,58
fluke,58
fountain,58
cub,58
blk,58
gs,58
eyewash,57
volt,57
shut,57
gph,57
cndensate,57
spry,57
switcht,57
dai,57
tch,57
pegging,57
de,56
primedctr,56
mr,56
motive,56
ure,56
slt,56
bbfp,55
3003,55
welder,55
cnductivity,55
glass,55
345kv,55
swtc,55
inverter,55
s,55
byp,55
rcpts,55
pab,55
model,54
vehicle,54
oper,54
og,54
erature,54
pushbutton,54
trmclp,54
ot,54
crshr,54
paph,54
20a,53
intake,53
humidifier,53
mc,53
326,53
lim,53
vehicles,53
permeate,53
50,53
mperature,53
dischar,53
cndenser,53
convey,53
polisher,52
plat,52
condenser,52
btm,52
plc,52
airsply,52
itch,52
rsh,52
wetdeck,52
u1,51
make,51
nitrogen,51
li,51
gg,51
ntrol,51
telltale,51
bd,51
1189,51
flame,51
startup,51
furn,51
rf,51
house,50
regen,50
327,50
soln,50
drinking,50
clos,50
fcp,49
diesel,49
mech,49
truck,49
331,49
gland,49
swirl,49
top,49
psh,49
pn,49
furnace,49
win,49
lir,49
online,49
330,48
access,48
ss,48
1034,48
inl,48
trnsm,48
trm,48
root,48
bstr,48
mntvlv,48
letvlv,48
dng,48
bms,47
315,47
floor,47
hydrazine,47
3009,47
exciter,47
oven,47
sure,47
trmclpeo,47
et,47
1stg,47
time,47
pond,46
reject,46
aci,46
cnditioner,46
atmizr,46
limestone,46
3011,46
wheel,46
ne,46
fil,46
ocal,46
con,46
mode,46
olation,46
2stg,46
hair,46
inboard,46
9kv,46
bag,45
332,45
flash,45
expansion,45
204,45
ck,45
kv,45
thermo,45
pbh,45
switchgear,45
7a,44
hndlg,44
inj,44
new,44
19,44
dampers,44
3004,44
3006,44
3014,44
3020,44
jls,44
reset,44
ma,44
wa,44
outpt,44
tmpe,44
ammeter,44
gr,44
security,44
rclm,44
tcp,44
wdr,44
fbf,44
rck,44
mercury,43
eductor,43
type,43
vessel,43
operator,43
cmptr,43
40,43
ia,43
100a,43
lv,43
hd,43
vert,43
www,43
airlock,43
316,42
sub,42
add,42
3015,42
3017,42
load,42
ob,42
engine,42
rea,42
colectr,42
crosstie,42
strn,42
isola,42
switchtc,42
jb,42
effluent,42
standpipe,42
aba,41
variable,41
before,41
rod,41
exhauster,41
eng,41
345,41
bl,41
ar,41
sink,41
87r,41
ower,41
240v,41
used,41
break,41
chnl,41
ab,41
jv,40
317,40
northeast,40
annulus,40
3008,40
3010,40
su,40
controller,40
manl,40
ext,40
bv,40
scharge,40
stopvlv,40
dra,40
inpt,40
media,40
zone,40
del,40
rinse,40
tree,40
drv,39
328,39
24,39
liq,39
al,39
rature,39
ungrounded,39
cnds,39
warming,39
recptcl,39
outside,39
ap,39
casc,39
ssb,39
source,39
polishng,39
wt,38
bleach,38
plshr,38
battery,38
3018,38
heatng,38
2b,38
montr,38
u2,38
th,38
dischrgvlv,38
coolers,38
pulse,38
300,38
exchgr,38
recircvlv,38
groun,38
ded,38
preventer,38
eg,38
connect,38
2sply,38
1sply,38
ssov,38
elev,37
southeast,37
scruber,37
fans,37
3012,37
102,37
positioner,37
suppl,37
adequate,37
ignitor,37
com,37
thrust,37
valv,37
stk,37
indic,37
pps,37
switching,37
tan,36
admin,36
carbon,36
conv,36
nd,36
3023,36
man,36
full,36
ger,36
10b,36
compr,36
ea,36
wtrvlv,36
at,36
heade,36
restart,36
fe,36
plug,36
prehtg,36
outle,36
frnace,36
starter,36
sbds,36
legs,36
217,36
rwp,36
3sply,36
computer,35
converter,35
conveyor,35
cabf,35
units,35
resv,35
cable,35
tranfmr,35
loop,35
pane,35
br,35
dmp,35
discharg,35
ti,35
airflow,35
hcg,35
qa,35
qc,35
hydrant,35
0033,35
exit,34
southwest,34
bh,34
3013,34
recirc,34
eqpt,34
113,34
cal,34
trn,34
harge,34
60a,34
lms,34
camera,34
ecnmzr,34
thru,34
backpressure,34
tcw,34
ry,34
fence,34
hhb,34
5sply,34
0sply,34
319,33
46,33
pull,33
polishing,33
surge,33
precoat,33
3022,33
exchan,33
trnsprt,33
clo,33
eed,33
scbr,33
62r,33
upstream,33
valves,33
fv,33
clsfr,33
therm,33
mixed,33
241,33
descnt,33
excha,33
nger,33
sewage,33
6sply,33
8sply,33
skin,33
318,32
northwest,32
cent,32
107,32
elect,32
3016,32
23,32
111,32
accum,32
cnt,32
rol,32
1009,32
dg,32
elm,32
ven,32
41,32
thermostat,32
actuated,32
sc,32
exp,32
trace,32
cle,32
ary,32
rota,32
tag,32
4sply,32
9sply,32
hwu,32
personnel,31
3019,31
26,31
29,31
skid,31
exctr,31
stat,31
cip,31
208,31
stairway,31
bay,31
tra,31
exc,31
olvlv,31
999,31
42,31
zbl,31
chu,31
solution,30
der,30
ator,30
grinder,30
lunch,30
are,30
1044,30
wirl,30
ground,30
piping,30
fault,30
est,30
ok,30
outbd,30
outage,30
lm,30
lation,30
lab,30
996,30
below,30
amper,30
hdm,30
ahusply,30
powe,30
zv,30
bran,30
roylyn,30
mach,29
6a,29
101,29
337,29
hydrogen,29
glycol,29
nt,29
evel,29
desuperhtr,29
circulating,29
swtchgear,29
isovl,29
upr,29
ann,29
inle,29
dis,29
trailer,29
pe,29
desup,29
tripped,29
blo,29
series,29
supv,29
prim,29
5a,29
vaccleanng,29
blowoff,29
3hp,29
rcvng,29
0034,29
halon,29
7sply,29
cylinder,28
em,28
j,28
44,28
cwp,28
overspeed,28
108,28
70,28
dewatering,28
ponds,28
cntrller,28
1ped,28
2ped,28
rgltr,28
amp,28
standby,28
ion,28
dwnstrm,28
200,28
recpt,28
tector,28
cs1,28
dlt,28
eader,28
blowdwn,28
non,28
processor,28
lphtr,28
dilute,28
cf,28
sbv,28
screen,27
elevator,27
45,27
so2,27
the,27
slaking,27
106,27
333,27
3029,27
250,27
superheater,27
horz,27
pul,27
103,27
contactor,27
casing,27
upstrm,27
compressed,27
asmbly,27
lli,27
combustion,27
tee,27
hum,27
above,27
cmpsr,27
305a,27
brake,27
3lp,27
hphtr,27
silica,27
chute,27
drippot,27
inf,26
protct,26
it,26
pickup,26
liquid,26
desiccant,26
104,26
110,26
metal,26
oilsply,26
thermocouplel,26
inbd,26
en,26
unded,26
inch,26
exchange,26
cleanout,26
bib,26
riser,26
1167,26
depress,26
urizing,26
plugstrip,26
engr,26
pushbtn,26
310a,26
release,26
pyrite,25
114,25
column,25
agitator,25
chlorine,25
3021,25
3026,25
otor,25
turning,25
by,25
plate,25
equip,25
posi,25
dicator,25
stmsply,25
exchang,25
stopped,25
ioc,25
tation,25
spp,25
forced,25
future,25
inside,25
drag,25
path,25
polish,25
pw,25
spd,25
ffp,25
0138,25
thermal,24
prot,24
collector,24
warehouse,24
rotary,24
transport,24
reclaim,24
fork,24
cool,24
112,24
502,24
fast,24
bal,24
col,24
ll,24
relative,24
velometer,24
rel,24
hpa,24
filtration,24
permit,24
3000,24
plungervlv,24
trmc,24
right,24
mov,24
suphtr,24
analog,24
atmos,24
epg,24
ader,24
lmtorque,24
saturated,24
ypass,24
smk,24
video,24
acw,24
sodium,24
degas,24
4a,24
atomize,24
assy,24
datalogger,24
crossovervlv,24
muffler,24
trnsfrmr,24
hydroxide,24
0136,24
47,23
opacity,23
continuous,23
pan,23
3024,23
lathe,23
210,23
109,23
211,23
tco,23
mp,23
interfac,23
1086,23
isov,23
51,23
emrgncy,23
plt,23
tm,23
wldng,23
left,23
43,23
psn,23
500,23
demand,23
spc,23
buffer,23
lump,23
aftercooler,23
chill,23
ating,23
etnk,23
lbs,23
pumpmotor,22
urn,22
120,22
60,22
process,22
centrifuge,22
condig,22
scale,22
105,22
214,22
402,22
510,22
pc,22
988,22
mens,22
stairs,22
actuator,22
90,22
modu,22
rly,22
atomizng,22
firing,22
dwn,22
200a,22
flw,22
exchngr,22
freeze,22
shutof,22
rdcr,22
ds,22
downstream,22
wtrhtr,22
clear,22
fluidizng,22
link,22
aeratnvlv,22
reel,22
203c,22
tbs,22
survey,22
bcd,22
tach,22
outbrd,22
ambient,21
crusher,21
54,21
chimney,21
gaq,21
334,21
3065,21
mag,21
pu,21
filt,21
205,21
209,21
213,21
405,21
407,21
be,21
bckwsh,21
unload,21
993,21
coon,21
982,21
pcv,21
59,21
leakoff,21
120v,21
postion,21
emperature,21
lpa,21
jog,21
ture,21
dil,21
syst,21
supht,21
ation,21
breakdn,21
orif,21
983,21
depres,21
surizing,21
support,21
downcomer,21
0030,21
rhe,21
primar,21
chi,21
density,21
auxiliary,20
cr,20
tool,20
reliable,20
vapor,20
arm,20
401,20
403,20
404,20
406,20
409,20
410,20
411,20
412,20
413,20
414,20
501,20
503,20
504,20
505,20
506,20
507,20
508,20
509,20
511,20
512,20
513,20
514,20
bypasvlv,20
swit,20
rain,20
overflow,20
superheat,20
spread,20
lc,20
kitchen,20
creek,20
1075,20
was,20
pl,20
sensor,20
rn,20
airisovl,20
running,20
icc,20
lighters,20
pla,20
bank,20
1200,20
range,20
construction,20
hydrlc,20
tri,20
flshvlv,20
ethylene,20
ass,20
noz,20
injector,20
volume,20
recepta,20
conf,20
mk,20
1084,20
1099,20
condtr,20
convyr,20
gag,20
emrg,20
31a,20
hvlv,20
attmp,20
foil,20
hg,20
use,20
powersp,20
qvc,20
eal,20
completed,20
tail,20
0036,20
thermistr,20
66,19
fa,19
manifold,19
3027,19
3030,19
3031,19
3035,19
network,19
wld,19
206,19
212,19
408,19
flt,19
corridor,19
eq,19
outdoor,19
moisture,19
mgc,19
rect,19
tap,19
humidity,19
coolant,19
86,19
watt,19
tes,19
drai,19
chec,19
turn,19
rmit,19
modul,19
astm,19
run,19
c001,19
dsuphtg,19
toilet,19
z,19
detntr,19
80,19
eater,19
diverter,19
icator,19
gde,19
ssp,19
24v,19
isovlv,19
grp,19
calib,19
uct,19
mat,19
rat,19
temperat,19
0137,19
0139,19
ice,18
conditioning,18
53,18
fiber,18
tb,18
68,18
3066,18
yard,18
drill,18
prefltr,18
operators,18
1053,18
1000,18
enclosure,18
30015,18
52,18
alternator,18
rt,18
vacpmp,18
rectifier,18
airfltr,18
84,18
seismic,18
hla,18
suctionvlv,18
3rd,18
sovlv,18
pvd,18
bot,18
lights,18
transmi,18
contl,18
expans,18
doo,18
dem,18
1171,18
logic,18
encl,18
1043,18
88,18
0v,18
silos,18
125,18
cascade,18
ut,18
rvf,18
bas,18
vend,18
gro,18
softner,18
ec,18
0119,18
personal,18
rle,18
0035,18
entry,18
flexible,18
tw,18
ammon,18
delu,18
sss,17
hydraulic,17
unloading,17
receiving,17
deck,17
65,17
phosphate,17
window,17
cone,17
spindle,17
day,17
58,17
61,17
338,17
3032,17
3052,17
scissors,17
rotor,17
xport,17
efl,17
uction,17
center,17
lightning,17
30094,17
solen,17
oid,17
var,17
suc,17
hdrpres,17
suctio,17
pad,17
td,17
wate,17
fus,17
1124,17
lvdt,17
posio,17
des,17
timer,17
cu,17
nk,17
pnd,17
irc,17
hdrvent,17
vending,17
automatic,17
backflow,17
preht,17
dri,17
che,17
0a,17
extended,17
pnlbd,17
hos,17
radial,17
sheet,17
degasified,17
smu,17
flood,17
junction,17
display,17
aaw,16
wet,16
48,16
67,16
un,16
63,16
71,16
3102,16
msv,16
bridge,16
tnksply,16
infl,16
tur,16
98,16
94,16
outl,16
vaporizer,16
retu,16
cntr,16
fdrs,16
50r,16
chc,16
2000,16
prox,16
chmbr,16
lead,16
recept,16
inp,16
total,16
temperatu,16
tn,16
imitorque,16
blkvlv,16
warmup,16
reci,16
shuto,16
bleed,16
reader,16
mnt,16
ress,16
swamping,16
inet,16
1137,16
sbel,16
charger,16
ke,16
400,16
chain,16
bkvlv,16
silt,16
multi,16
sypply,16
dumper,16
alm,16
hoses,16
indle,16
abstr,16
sctn,16
vcu,16
metro,15
32b,15
panelboard,15
damprs,15
baghouse,15
demineralized,15
cn,15
57,15
73,15
3034,15
3036,15
3060,15
3062,15
3074,15
3076,15
3103,15
3104,15
3107,15
3114,15
effl,15
1180,15
egress,15
sout,15
we,15
30095,15
erm,15
potential,15
swampng,15
cts,15
pts,15
relays,15
hu,15
stea,15
mtd,15
transducer,15
vol,15
ckvlv,15
weight,15
cnvtr,15
imit,15
pv,15
turnstyle,15
1153,15
phtg,15
bo,15
srs,15
1217,15
5kv,15
dcs,15
attemp,15
screw,15
n2sply,15
status,15
humid,15
balancevlv,15
concentrated,15
df,15
ller,15
ammonium,15
mt,14
common,14
cp,14
62,14
3025,14
3033,14
3051,14
3070,14
3110,14
3111,14
3152,14
3158,14
jsf,14
partcln,14
lock,14
30001,14
bp,14
30033,14
ib,14
desuper,14
rms,14
anlyzr,14
rtrn,14
mon,14
detr,14
30099,14
fs,14
ow,14
cntrlle,14
recir,14
ex,14
substation,14
sam,14
mtb,14
tempera,14
ed,14
hand,14
atmosphere,14
rc,14
cntrlvl,14
dsh,14
wind,14
rootvlv,14
utlet,14
driv,14
om,14
permissive,14
49,14
hypochlorite,14
mi,14
1066,14
1052,14
1109,14
elecrical,14
100e,14
200e,14
300e,14
400e,14
500e,14
100w,14
200w,14
300w,14
400w,14
500w,14
cgs,14
dscl,14
aerati,14
edge,14
do,14
accel,14
acces,14
pushbt,14
gat,14
prelube,14
sign,14
htrdrn,14
32bfpt,14
altn,14
rg,14
mixing,14
coolngsply,14
hydr,14
sampl,14
lockout,14
serial,14
rcd,14
comb,14
lighti,14
vt,14
comparator,14
fwcv,14
phosph,14
transmation,14
3101,13
izng,13
softener,13
115,13
turnstile,13
mount,13
pum,13
cm,13
72,13
75,13
ler,13
3028,13
3046,13
3054,13
3073,13
3151,13
3156,13
3157,13
blaster,13
349,13
case,13
deionizer,13
ooler,13
rest,13
pf,13
pack,13
act,13
contactors,13
utility,13
1007,13
womens,13
56,13
30005,13
81,13
indication,13
tempe,13
over,13
indicat,13
sy,13
dtct,13
hv,13
turnng,13
interface,13
30124,13
treatment,13
30110,13
30115,13
feedvlv,13
ansmitter,13
fr,13
as,13
strtup,13
ischarge,13
stn,13
dsuphtr,13
winter,13
airisovlv,13
table,13
elvator,13
switchitc,13
qir,13
30125,13
ms,13
ose,13
posioner,13
lig,13
avr,13
123,13
3d00b,13
3c00a,13
reli,13
dumpvlv,13
condensor,13
amertap,13
trg,13
fun,13
supp,13
1022,13
307b,13
bromine,13
lng,13
hdriso,13
prefilter,13
mple,13
recvery,13
bw,13
anal,13
specific,13
slab,13
jacket,13
pushb,13
nozl,13
unground,13
33bfpt,13
trisod,13
shack,12
sprinkler,12
stockroom,12
operated,12
oiler,12
oir,12
sealing,12
transp,12
smp,12
classifier,12
mix,12
69,12
3201,12
329,12
3038,12
3050,12
3063,12
3071,12
3112,12
3120,12
3153,12
3154,12
orage,12
347,12
348,12
jack,12
stand,12
vaprzr,12
hse,12
telescopic,12
bhrt,12
cmill,12
an,12
isch,12
1057,12
lf,12
grease,12
server,12
core,12
analytcl,12
pumpcontrol,12
3308,12
30104,12
30105,12
storag,12
standb,12
bushng,12
bearng,12
contvlv,12
lla,12
hta,12
interlock,12
strnr,12
30119,12
crossover,12
atrix,12
pil,12
thst,12
surface,12
crv,12
osition,12
drns,12
middle,12
breakdwn,12
totalizer,12
ratemeter,12
scr,12
ldg,12
tofvlv,12
desuperheat,12
decantvlv,12
switchit,12
nzlevv,12
vacuu,12
hmi,12
arrestor,12
cap,12
desicant,12
psply,12
supvlv,12
conveyng,12
127,12
129,12
cb,12
dbl,12
cabfsply,12
track,12
engineering,12
pipng,12
equipped,12
hvmcc,12
308a,12
30100,12
shock,12
hotwell,12
fcd,12
30135,12
30136,12
red,12
fail,12
chillers,12
ill,12
exchngrs,12
dicating,12
moti,12
rsv,12
transformers,12
warm,12
std,12
0026,12
csm,12
bfps,12
stckrm,12
brgsply,12
itr,12
dpds,12
4d,12
3d,12
ab3,12
ab4,12
dosimeter,12
sto,11
tnks,11
guard,11
removal,11
old,11
drop,11
nit,11
hydrants,11
quality,11
3217,11
3037,11
3049,11
3061,11
3067,11
3080,11
3113,11
3132,11
3155,11
99,11
desuperheater,11
exch,11
tu,11
differ,11
ential,11
30013,11
sed,11
1207,11
7b,11
1026,11
detected,11
annunciator,11
30012,11
int,11
voltmeter,11
recorde,11
gsu,11
intlk,11
kc,11
curre,11
wear,11
30051,11
30011,11
mts,11
dsch,11
ransmitter,11
ductivity,11
between,11
3m3300,11
master,11
010,11
torque,11
coolin,11
shtof,11
mid,11
retur,11
cntrll,11
trix,11
coilsply,11
matr,11
lavatory,11
conductivity,11
regulating,11
two,11
3m3400,11
3m3600,11
accumulator,11
inv,11
isolvlv,11
receivng,11
3m3700,11
dwncomer,11
blstr,11
penthouse,11
3a1200,11
3a3100,11
3a3200,11
3a3300,11
elem,11
3a3400,11
pyr,11
3a3700,11
backup,11
supt,11
devices,11
oist,11
4th,11
essential,11
cndct,11
recrc,11
pitot,11
ho,11
iner,11
30109,11
30114,11
30120,11
ml,11
hdrdrn,11
conc,11
pass,11
drinkng,11
atersply,11
seq,11
auxiliaries,11
integrator,11
ani,11
lcord,11
loi,11
zt,11
bra,11
pulsing,11
stag,11
chdc18,11
2cyclone,11
stanchion,11
forwarding,11
agent,11
druck,11
emerson,11
ronan,11
vtl,10
bph,10
cff,10
chamber,10
extractor,10
tanks,10
64,10
74,10
339,10
340,10
341,10
3039,10
3040,10
3056,10
3057,10
3068,10
3075,10
3081,10
3105,10
3126,10
3135,10
per,10
346,10
350,10
353,10
hepa,10
miscdrnrec,10
rgevlv,10
fiw,10
3098,10
warnng,10
eqment,10
inte,10
ugged,10
select,10
55,10
momentary,10
microwave,10
ermocouple,10
tatus,10
cover,10
pg,10
5000,10
cy,10
corner,10
thermos,10
instruments,10
gfci,10
400a,10
strip,10
limitorque,10
superheated,10
with,10
au,10
expan,10
cross,10
drnto,10
3m3100,10
rd,10
intgrd,10
throttle,10
gun,10
maintenance,10
zlesply,10
carousel,10
inject,10
trgh,10
opper,10
averagng,10
heck,10
ix,10
sootblwg,10
133,10
roller,10
hold,10
lvx,10
cndig,10
runoff,10
50v,10
lvy,10
3m3200,10
3m3800,10
unldr,10
board,10
119,10
136,10
increase,10
decrease,10
3m3500,10
crs,10
leavng,10
printer,10
si,10
ios,10
showers,10
doc,10
bins,10
communication,10
final,10
us,10
201c,10
annons,10
q,10
cas,10
priming,10
exhs,10
face,10
breakdown,10
permsv,10
succes,10
exchrs,10
ipbcl,10
chille,10
lckr,10
wrw,10
ejects,10
swrl,10
reqd,10
started,10
laboratory,10
integrato,10
permitted,10
enoid,10
radiator,10
transmitt,10
trp,10
combo,10
burnr,10
efficienc,10
lcv,10
421,10
calibra,10
eye,9
tele,9
confrm,9
entrance,9
analyzers,9
sld,9
gcb,9
76,9
3250,9
3318,9
3319,9
3041,9
3045,9
3053,9
3058,9
3069,9
3072,9
3078,9
3079,9
3106,9
3129,9
3131,9
3136,9
3138,9
ibm,9
351,9
loader,9
super,9
joint,9
bandsaw,9
lu,9
moyno,9
influent,9
orific,9
superhtr,9
1198,9
1191,9
1030,9
cnvrs,9
orber,9
doors,9
oom,9
janitor,9
closet,9
nort,9
lector,9
a1,9
a2,9
b1,9
b2,9
sect,9
79,9
c1,9
c2,9
85,9
transfo,9
nual,9
wi,9
ndng,9
stby,9
min,9
xdc,9
permiss,9
ltr,9
dm,9
81r,9
hoo,9
mtl,9
tem,9
rb,9
tage,9
dtc,9
cylinde,9
stnr,9
lpturb,9
ell,9
dilut,9
30193,9
ecirc,9
selec,9
30022,9
supervisor,9
3302,9
hwh,9
greas,9
3324,9
strt,9
lightng,9
6900v,9
ovlv,9
30007,9
rot,9
77,9
net,9
section,9
134,9
138,9
131,9
135,9
3b00a,9
3d00a,9
137,9
132,9
reverse,9
3m3900,9
chlor,9
data,9
ovrvlv,9
vnt,9
asmb,9
oggle,9
30073,9
trk,9
uni,9
hase,9
elvat,9
chcc,9
baghse,9
inn,9
stge,9
30036,9
tat,9
xtr,9
30055,9
thermost,9
c044,9
ting,9
smear,9
wf,9
prehe,9
cl4,9
distribution,9
dvrtrvlv,9
indicatoric,9
ceiling,9
uts,9
c140,9
sfsply,9
clutch,9
swrp,9
ashcroft,9
trisodium,9
additel,9
calibr,9
electrical,8
sootblowng,8
izing,8
metering,8
mail,8
6b,8
ctrl,8
riable,8
sdas,8
conduit,8
drains,8
gh,8
gst,8
3202,8
3216,8
3235,8
3236,8
3248,8
335,8
3315,8
3043,8
3044,8
3055,8
3082,8
3108,8
3121,8
3137,8
3139,8
3140,8
3144,8
3147,8
3159,8
bottle,8
cleaner,8
booth,8
30032,8
diff,8
1245,8
1233,8
1224,8
enclo,8
342,8
1050,8
xfmer,8
sherco,8
ce,8
inter,8
mft,8
assembly,8
78,8
30098,8
etector,8
urrent,8
tca,8
watthour,8
ing,8
substa,8
ance,8
alt,8
30003,8
hdrlow,8
shtoffvlv,8
key,8
obe,8
50bfr,8
800,8
aut,8
tachometer,8
zero,8
ay,8
servo,8
intercept,8
bowl,8
ungro,8
nw,8
removed,8
mois,8
glnd,8
mil,8
dilu,8
sucti,8
pumpdischarge,8
1000psi,8
contro,8
prewarm,8
prewarming,8
dif,8
30040,8
30027,8
raxfmr,8
damp,8
30006,8
30024,8
mux,8
rodding,8
nozz,8
30026,8
3314,8
baseboard,8
quartz,8
airwell,8
tvlv,8
cubicle,8
30029,8
dual,8
ikwl,8
blowing,8
83,8
87,8
condtg,8
rela,8
xtie,8
97,8
uses,8
lvz,8
ox,8
xfm,8
rmer,8
mpty,8
trw,8
console,8
3c00b,8
diaph,8
inta,8
ond,8
overfire,8
draglink,8
vibrator,8
30480,8
inwc,8
rcptls,8
cardox,8
phone,8
quadrant,8
0001,8
recyclepp,8
31sec,8
trench,8
933,8
934,8
8481,8
rswp,8
ly,8
3d0100a,8
3d0200a,8
3d0300a,8
3d0400a,8
3d0500a,8
3d0600a,8
3d0700a,8
3d0800a,8
3d0900a,8
3d1000a,8
3d1100a,8
3d1200a,8
3d1300a,8
3d1400a,8
services,8
hdlg,8
tubesheet,8
tell,8
xh,8
crsv,8
30030,8
0128,8
rtu,8
balancing,8
drner,8
recyclel,8
c055,8
c057,8
lor,8
vibrat,8
30043,8
rpm,8
decreas,8
increas,8
making,8
paralleled,8
windin,8
windi,8
rdiatr,8
bm,8
logger,8
kj01260,8
ovrspd,8
abv,8
hdrps,8
30031,8
30153,8
ring,8
porv,8
cx1,8
delvlv,8
ixd,8
reflector,8
reactor,8
inflow,8
200psi,8
csfr,8
uctvlv,8
schvlv,8
ushvlv,8
sonic,8
flooding,8
tracking,8
tboard,8
communicator,8
fcm,7
conveying,7
plot,7
powered,7
grv,7
c210,7
u7,7
jockey,7
green,7
3237,7
3238,7
3239,7
3240,7
3241,7
3281,7
336,7
3313,7
3316,7
3042,7
3047,7
3048,7
3059,7
3085,7
3109,7
3115,7
3117,7
3119,7
3122,7
3123,7
3127,7
3128,7
3141,7
3142,7
3143,7
3148,7
3149,7
3160,7
3161,7
3163,7
3164,7
mapper,7
opener,7
352,7
bowser,7
wagon,7
capped,7
radio,7
cnditio,7
saw,7
hydrolazer,7
syste,7
30028,7
ckwash,7
counter,7
scan,7
conference,7
343,7
lake,7
1060,7
benton,7
county,7
hallway,7
969,7
ech,7
down,7
stair,7
retention,7
consumable,7
supervisory,7
eck,7
scw,7
equalizing,7
3094,7
dule,7
30097,7
30103,7
rator,7
tcb,7
volts,7
eter,7
vacswtch,7
amps,7
cnditionng,7
prs,7
pumploc,7
atng,7
bypa,7
stream,7
aga,7
30052,7
30053,7
480,7
condense,7
sv1,7
fy501,7
fy502,7
fy503,7
adeq,7
30014,7
sor,7
atmo,7
around,7
balancngvlv,7
ln,7
sq,7
30023,7
3301,7
30041,7
3311,7
accoustic,7
fdwtr,7
sealng,7
pne,7
30016,7
ration,7
vi,7
bration,7
1122,7
ca,7
c002,7
5b,7
satisfied,7
ble,7
blwrs,7
xover,7
shof,7
airsplyvlv,7
ync,7
clnout,7
site,7
cabi,7
discha,7
crossti,7
log,7
sbir,7
char,7
breake,7
jds,7
ard,7
bsn,7
landf,7
smw,7
fldzn,7
3097,7
reducer,7
recor,7
mtg,7
3a5600,7
3a7800,7
30137,7
3c0100,7
3c0200,7
30074,7
3c0300,7
201d,7
3c0400,7
3c0500,7
3c0600,7
3c0700,7
3c0800,7
3c0900,7
3c1000,7
3c1100,7
generation,7
3c1500,7
foxboro,7
ol,7
slide,7
instrmt,7
ignitors,7
u4,7
recl,7
chlorinator,7
bromide,7
fourth,7
tale,7
egulator,7
crsvr,7
ostat,7
30035,7
silencer,7
ctivity,7
div,7
exchangers,7
ron,7
otremba,7
second,7
30002,7
insulators,7
30331,7
c056,7
reducing,7
acknowledge,7
cnditi,7
septic,7
powerspl,7
bridgeport,7
375,7
esc,7
0072,7
swtchgr,7
3805,7
squeeze,7
dmps,7
aq,7
c187,7
emrc,7
rrent,7
c626,7
lstk,7
monitoring,7
smart,7
wrench,7
475,7
chest,6
indicating,6
usher,6
aha,6
rage,6
disposal,6
land,6
0024,6
baq,6
014,6
015,6
filters,6
nox,6
dioxide,6
91,6
free,6
3212,6
3214,6
3215,6
3218,6
3221,6
3227,6
3231,6
3243,6
3244,6
3245,6
3246,6
3247,6
3249,6
3254,6
377,6
3317,6
3064,6
3084,6
3118,6
3134,6
3145,6
3150,6
bobcat,6
compactor,6
jlg,6
pallet,6
isophase,6
95,6
maker,6
guide,6
vaccleani,6
cleani,6
filtr,6
unldg,6
strobe,6
sm,6
prehea,6
library,6
ilter,6
bnker,6
central,6
cel,6
dew,6
30107,6
plnt,6
casng,6
detrg,6
82,6
stdby,6
pus,6
150,6
ature,6
bushing,6
ition,6
ctr,6
ipbclr,6
30108,6
synchronizing,6
seis,6
consrvtr,6
dev,6
seconday,6
trams,6
sd,6
rlyng,6
pply,6
diaphragm,6
ad,6
bdd,6
bdd17,6
nas,6
firewall,6
engaged,6
vactrip,6
sel,6
30047,6
30046,6
ection,6
50a,6
interceptvlv,6
nsp,6
1200a,6
limi,6
iv,6
rvlv,6
plex,6
dfa,6
24vdc,6
30112,6
handle,6
diluti,6
possw,6
bld,6
lvlv,6
cvlv,6
3701,6
ux,6
30132,6
370,6
corrosion,6
temporary,6
shto,6
30185,6
modem,6
ventvl,6
awp,6
ndby,6
hpi,6
inboar,6
outboa,6
needle,6
spy,6
drm,6
square,6
hye,6
pur,6
30195,6
3304,6
cnvrtr,6
pokehole,6
doghouse,6
anual,6
3325,6
acu,6
3320,6
uppe,6
ecant,6
118,6
decant,6
janitors,6
srg,6
arrest,6
collec,6
prob,6
30019,6
rng,6
pht,6
bop,6
program,6
invlv,6
fix,6
pitch,6
rhd,6
130,6
reduc,6
sootblr,6
outgate,6
hdrisovlv,6
30214,6
backp,6
355,6
spply,6
ite,6
2c,6
economiz,6
inb,6
shwr,6
ops,6
airi,6
0028,6
fox3,6
30021,6
30018,6
30139,6
30042,6
0029,6
coi,6
201b,6
ae,6
smok,6
gar,6
mant,6
grg,6
cot,6
xcel,6
slui,6
slw,6
stato,6
cir,6
essen,6
watr,6
lea,6
treat,6
ejector,6
ntake,6
drips,6
30037,6
distributor,6
utvlv,6
tbd,6
slakng,6
humi,6
ermsv,6
testin,6
30034,6
30127,6
liqui,6
nloader,6
tc,6
trbin,6
lpt,6
innercooler,6
hdrrel,6
tstvlv,6
ser,6
30004,6
inhibitor,6
vacdegasifier,6
torage,6
recyclevv,6
step,6
chemi,6
sah,6
wpw,6
seleced,6
uicng,6
gt,6
ode,6
backw,6
inertng,6
hfa,6
32aqcs,6
1ccp,6
lancesply,6
365,6
372,6
1sec,6
1pol,6
diator,6
eeg,6
admittance,6
admittanc,6
across,6
trouble,6
gravity,6
vntlatr,6
resistance,6
barrel,6
lkoff,6
stp,6
rmt,6
underfl,6
el990,6
mul,6
pen,6
utr,6
3512,6
cha,6
blck,6
servs,6
shlvs,6
cons,6
022,6
1266,6
lled,6
c182,6
package,6
nch,6
c118,6
graphics,6
mku,6
20ma,6
passive,6
style,6
auxblr,6
abd,6
simulator,5
cid,5
csa,5
bibb,5
stora,5
122,5
3203,5
3204,5
3205,5
3207,5
3208,5
3210,5
3213,5
3219,5
3220,5
3222,5
3228,5
3233,5
3234,5
3242,5
3251,5
3252,5
3253,5
3255,5
3256,5
mechanical,5
3077,5
3083,5
3124,5
3130,5
3146,5
3162,5
administration,5
suppression,5
775f,5
haul,5
barrow,5
ford,5
toro,5
dingo,5
89,5
earth,5
insulator,5
statnry,5
15d,5
mixe,5
efflue,5
3095,5
rese,5
keup,5
0018,5
under,5
asst,5
1111,5
age,5
995,5
monticello,5
toilets,5
areas,5
uth,5
roo,5
device,5
dewpoint,5
purity,5
3093,5
30317,5
gene,5
30096,5
sight,5
tel,5
93,5
ack,5
450,5
tmpera,5
30315,5
detect,5
mete,5
frequency,5
30163,5
scope,5
max,5
info,5
nsmitter,5
30086,5
pushbutt,5
standard,5
spencer,5
30079,5
30221,5
carrier,5
30529,5
earng,5
pnet3,5
600,5
sff,5
28000,5
lin,5
lpb,5
cv2,5
ght,5
tcs,5
contlvlv,5
pilo,5
ther,5
30049,5
30050,5
performance,5
sv2,5
sv3,5
stopvlvlvdt,5
stopvlvs,5
span,5
votage,5
30009,5
warmng,5
30010,5
30215,5
spe,5
rmostat,5
crh,5
hdrvlv,5
30180,5
humidifiers,5
bellup,5
team,5
30133,5
nstr,5
30063,5
xchgr,5
ervoir,5
mcp,5
sele,5
retr,5
thr,5
record,5
urge,5
os,5
30078,5
desk,5
refrigerator,5
3303,5
refrig,5
208v,5
hppr,5
seg,5
hprs,5
lush,5
washersplyvlv,5
3322,5
3327,5
3323,5
3328,5
3329,5
3330,5
3339,5
3341,5
3340,5
3342,5
3305,5
3307,5
3310,5
condensing,5
flushvlv,5
gl,5
0009,5
gfi,5
arms,5
collect,5
hoppers,5
suply,5
wac,5
1161,5
patch,5
ggt,5
shift,5
30025,5
30184,5
rece,5
126,5
30126,5
30131,5
3414,5
3415,5
3416,5
reducvlv,5
ikel,5
retrac,5
secoundary,5
sndblst,5
sootblowers,5
dvrtrvl,5
seco,5
recyclesilo,5
125v,5
cabin,5
hosereel,5
ctlr,5
hig,5
work,5
31b,5
srv1,5
women,5
vy,5
250vdc,5
31278,5
cndr,5
ffu,5
yvlv,5
creep,5
zer,5
gtb,5
cb2,5
tape,5
30478,5
30479,5
31aqcs,5
cycle,5
steel,5
sig,5
232,5
prk,5
proj,5
nurse,5
microfilm,5
inltv,5
chanel,5
couton,5
inse,5
limt,5
30075,5
aid,5
accelerator,5
cuum,5
jbox,5
mcs,5
mg,5
7th,5
14th,5
15th,5
ifice,5
30072,5
reciever,5
306f,5
309c,5
bcp,5
ive,5
offvlv,5
manometer,5
pbc,5
tal,5
ight,5
rix,5
indica,5
cces,5
tp3017,5
bk,5
terlock,5
3482,5
balancevl,5
preheatng,5
bldgsply,5
rins,5
interstage,5
setvlv,5
nfluent,5
denser,5
otable,5
c054,5
hw,5
tran,5
elemen,5
4b,5
slu,5
gulating,5
refrigeration,5
ton,5
3602,5
hower,5
hf,5
xsw,5
0014,5
366,5
367,5
368,5
369,5
371,5
373,5
374,5
376,5
378,5
379,5
380,5
381,5
382,5
383,5
cdu,5
slow,5
caustc,5
3312,5
eaker,5
igh,5
agitation,5
rolling,5
1013,5
sorbant,5
sts,5
transceiver,5
69kv,5
ai,5
zs,5
success,5
wthr,5
regul,5
360,5
dw,5
gcg,5
deluging,5
llpa,5
stan,5
dpipe,5
gb,5
gxt,5
wndg,5
1286,5
nnulus,5
ao,5
smo,5
3530,5
analycial,5
operations,5
nchsply,5
balanc,5
3333,5
3334,5
dvrtr,5
c537,5
lsstk,5
50psi,5
capacitance,5
thermometer,5
hydrox,5
3fdf,5
c3001,5
c4001,5
10a,5
bkrs,5
leakage,5
5000psi,5
20kw,5
tom,5
kevin,5
jon,5
kritzeck,5
size,5
blowng,4
miscellaneous,4
bac,4
disp,4
crankcase,4
lawn,4
activated,4
unloadng,4
mot,4
c209,4
c211,4
c212,4
cem,4
h2o,4
csc,4
sid,4
emg,4
92,4
3206,4
3209,4
3211,4
3225,4
3226,4
3229,4
3230,4
3232,4
3378,4
3379,4
3380,4
3116,4
3133,4
sucker,4
manlift,4
buildup,4
eliminator,4
circulati,4
000,4
millmach,4
sandblaster,4
parts,4
replacement,4
3090,4
344,4
005,4
1059,4
984,4
987,4
997,4
rth,4
ep,4
lft,4
30228,4
30237,4
equal,4
30314,4
fcv,4
mnfd,4
runback,4
pyrolsate,4
30233,4
30093,4
bell,4
30176,4
eqlzg,4
measurement,4
ref,4
tart,4
presure,4
detection,4
ipb,4
stem,4
sequence,4
elay,4
potenti,4
reco,4
rder,4
30082,4
30083,4
30085,4
30087,4
30117,4
tgop,4
30306,4
grf,4
aring,4
admitta,4
indicatorica,4
bearin,4
pro,4
diaphragmvlv,4
unlo,4
continu,4
ous,4
21r,4
kd,4
api,4
cv3,4
cv4,4
pnet12,4
domain,4
cv1,4
reheatvlv,4
packing,4
row,4
packng,4
batteries,4
extracti,4
30048,4
30070,4
perf,4
110v,4
cntlvlv,4
zcp,4
grid,4
rhsv1,4
rhsv2,4
eccentricity,4
cntrlvlvlvd,4
rhsv,4
opto,4
ermit,4
desu,4
leads,4
odule,4
lect,4
condi,4
conditi,4
mmeter,4
fuller,4
ssvlv,4
feedrate,4
rati,4
feedwtr,4
divert,4
orffice,4
wel,4
lub,4
tl,4
2lms,4
batch,4
scru,4
rhtsply,4
seals,4
tmporary,4
bldr,4
3702,4
0003,4
itrogen,4
tg,4
30088,4
30206,4
30242,4
tmpvlv,4
opped,4
ont,4
shdsh,4
tog,4
vane,4
flu,4
cntlr,4
30194,4
purg,4
schedule,4
fume,4
lmtorq,4
3321,4
lowe,4
horizontal,4
oz,4
backflsh,4
ozzle,4
zzle,4
clgsply,4
acoustic,4
cameras,4
pumpsuction,4
post,4
clock,4
pole,4
hear,4
here,4
ri,4
nvlv,4
rotation,4
sepator,4
30487,4
bea,4
31pa,4
orfice,4
hoistway,4
prehtrmaint,4
3coo1701,4
tow,4
30387,4
btc,4
hrh,4
combination,4
louvers,4
3co,4
dmpr,4
gcv,4
util,4
blades,4
iksw,4
blwg,4
3coo1101,4
prheaters,4
one,4
3402,4
separa,4
programmer,4
30060,4
1015,4
fbl,4
3723,4
ndary,4
30061,4
elevation,4
maxfmr,4
124,4
eop,4
ull,4
mer,4
bfptcs,4
ief,4
dpr,4
actuatorvlv,4
washout,4
srv2,4
srv3,4
men,4
srv4,4
srv5,4
srv6,4
rlm,4
solid,4
overpres,4
recovery,4
30525,4
30381,4
clea,4
rlay,4
tb2,4
analy,4
30486,4
bypss,4
30338,4
3088,4
30467,4
30468,4
30469,4
30477,4
tippi,4
ngvlv,4
exhstvl,4
opner,4
otb,4
30871,4
30122,4
3a0000,4
dischvl,4
cpu,4
ungrou,4
nded,4
flui,4
dizng,4
owdown,4
30212,4
30213,4
wallblower,4
pendants,4
mpr,4
rted,4
eacted,4
processer,4
obstruction,4
32sec,4
cmpr,4
cnvy,4
mgr,4
00245,4
payroll,4
spec,4
coffee,4
watervlv,4
dischrgd,4
025,4
026,4
hdrhose,4
shns,4
973,4
7053,4
cache,4
dcp,4
0013,4
0015,4
0012,4
alstom,4
10kva,4
3d00c,4
3d0100b,4
3d0200b,4
3d0300b,4
0025,4
interloc,4
3d0400b,4
3d0500b,4
3d0800b,4
3d1100b,4
3d1200b,4
3d1300b,4
ems,4
3m312,4
3m313,4
3m314,4
3m322,4
3m323,4
3m332,4
3m333,4
3m342,4
3m343,4
3m352,4
3m353,4
3m354,4
3m362,4
3m363,4
3m372,4
3m373,4
3m382,4
3m383,4
3m384,4
winch,4
1003,4
elva,4
5th,4
htoff,4
desic,4
lens,4
309a,4
w5,4
larm,4
kage,4
30102,4
exhr,4
lvi,4
martel,4
stroke,4
cmpt,4
tc2,4
30067,4
30068,4
30069,4
30071,4
30178,4
30179,4
30039,4
frm,4
sorter,4
third,4
econimizer,4
lief,4
ty,4
vacclng,4
30129,4
30130,4
30138,4
spl,4
xpl,4
qws,4
pq,4
tracng,4
hts,4
30038,4
alterna,4
controls,4
30058,4
30054,4
1006,4
cccwsply,4
3487,4
precnditionng,4
sembly,4
3486,4
integral,4
iller,4
30008,4
cnducti,4
condu,4
forwardng,4
cau,4
stic,4
asmbl,4
feedpmp,4
385,4
384,4
blender,4
concentration,4
xing,4
regeneration,4
dischr,4
interlo,4
saftey,4
c043,4
restrms,4
ample,4
vendng,4
scwf,4
brine,4
guage,4
cells,4
slv,4
satisfd,4
luicng,4
ade,4
30211,4
vls,4
cevlv,4
ect,4
gui,4
icng,4
nductivity,4
refr,4
precnd,4
3086,4
poi,4
cndensat,4
wsh,4
fld,4
dischg,4
eyw,4
seali,4
pulvs,4
vacsolndvlv,4
lverizer,4
exhauste,4
booste,4
jan,4
3306,4
grinders,4
2pri,4
1pri,4
1reserve,4
incomng,4
pneumati,4
engi,4
coolent,4
loadng,4
hoppe,4
ullcord,4
llcord,4
humidit,4
cushman,4
dvtrvlv,4
irflow,4
garg,4
sluicng,4
tt,4
inactive,4
grounded,4
30128,4
sensing,4
oxygensply,4
ener,4
underfloor,4
spreadng,4
chmb,4
preact,4
rger,4
mop,4
extinguish,4
359,4
fn,4
354,4
spreading,4
abort,4
357,4
358,4
31c,4
exterior,4
playpipe,4
ctu,4
timing,4
igniters,4
otvlv,4
446,4
bx1,4
eluge,4
ist,4
workstation,4
3538,4
3547,4
3695,4
3700,4
3845,4
3850,4
lines,4
sistance,4
aqcssply,4
c059,4
bdsply,4
near,4
aftclr,4
6ab,4
c077,4
humidification,4
c726,4
graphic,4
emulation,4
den,4
sity,4
ag,4
ionvlv,4
flus,4
user,4
vibratio,4
solndsvl,4
cord,4
pumplcl,4
trunio,4
influ,4
iw,4
storagee,4
elbow,4
c0255,4
c0253,4
ldhc,4
natural,4
brng,4
5c,4
5d,4
gnd,4
2d,4
trsw,4
ntwk,4
stab,4
downstrm,4
propane,4
addite,4
chmny,4
233,4
iu0a00,4
clamp,4
600psi,4
60psi,4
ametek,4
function,4
0125,4
brian,4
mark,4
allen,4
backes,4
ndi,3
ioning,3
dispensing,3
lubricant,3
sandblast,3
facility,3
k001,3
shed,3
repeater,3
a004,3
equalizng,3
31ffo,3
analizers,3
32ffo,3
33ffo,3
monit,3
idf,3
afp,3
csl,3
monito,3
syss,3
fcf,3
gasoline,3
build,3
3223,3
3224,3
3257,3
3258,3
3260,3
3263,3
3264,3
3277,3
3278,3
3279,3
3280,3
3282,3
3283,3
3284,3
3285,3
3286,3
3287,3
3288,3
3289,3
3290,3
3291,3
3292,3
3293,3
3294,3
3375,3
3376,3
3377,3
3383,3
3401,3
3125,3
rail,3
csilo,3
magnet,3
ldr,3
grove,3
moble,3
single,3
tractor,3
me,3
big,3
desuperhea,3
separ,3
beltsand,3
sharpener,3
bar,3
optalign,3
threader,3
ridgid,3
washer,3
jib,3
hatch,3
absober,3
lowering,3
aircomp,3
inhbtr,3
woma,3
30424,3
30340,3
30897,3
30319,3
30320,3
30322,3
30057,3
spa,3
equipmen,3
1176,3
c003,3
1042,3
1133,3
019,3
chlorination,3
008,3
hall,3
lots,3
rmediate,3
slms,3
rlf,3
30307,3
30309,3
extcr,3
31493,3
tcv,3
30627,3
bine,3
106a,3
30232,3
30092,3
30234,3
30101,3
inltvl,3
float,3
floatvlv,3
3357,3
hydrgnsply,3
runnng,3
alr,3
freon,3
islnvlv,3
rheostat,3
30316,3
corder,3
8n27,3
8n28,3
megavars,3
amperes,3
megawatts,3
vo,3
neg,3
transduc,3
transduce,3
syncrocloser,3
synchronizng,3
excitation,3
housng,3
ebop,3
fpt,3
30310,3
abinet,3
hdrp,3
dication,3
30827,3
detraining,3
30080,3
395,3
30491,3
rip,3
ped,3
swam,3
31gr,3
tmperng,3
1x,3
1y,3
2x,3
2y,3
ifc66,3
du,3
client,3
han,3
30399,3
combined,3
ammet,3
inne,3
30123,3
3ph,3
egans,3
dposion,3
ope,3
sprayvlv,3
iv2,3
sv4,3
sv6,3
sv5,3
uphtr,3
sea,3
ins,3
ns,3
s4,3
vm1,3
vm2,3
gf1,3
tripvlv,3
ets,3
30111,3
hutoff,3
sampling,3
piston,3
ssfv,3
spuv,3
diverting,3
cntrlv,3
30116,3
0017,3
mit,3
vacpres,3
ush,3
pah,3
deae,3
passply,3
suphted,3
30065,3
condsr,3
30181,3
blanket,3
exchg,3
bldgs,3
ross,3
deaer,3
eth,3
ylene,3
30166,3
itorque,3
eaters,3
drnvl,3
ning,3
ipped,3
cleared,3
ahp,3
thknr,3
frez,3
ircvlv,3
ves,3
conde,3
nser,3
gle,3
tnl,3
rootvl,3
30192,3
30077,3
ori,3
ewc,3
lunchroom,3
xducr,3
0117,3
wslp,3
ozsply,3
zsply,3
winterizng,3
grea,3
3326,3
scre,3
0087,3
engineer,3
0007,3
0086,3
dock,3
bathrm,3
capacitor,3
0122,3
30017,3
sht,3
mis,3
feedwa,3
30986,3
closure,3
30388,3
mfd,3
olng,3
housing,3
matric,3
pace,3
31089,3
30045,3
mova,3
detectorr,3
xducer,3
swamp,3
3coo0504,3
ptacles,3
3coo0503,3
3coo1201,3
30150,3
3a00a,3
3a00b,3
3a12,3
3a34,3
3a56,3
3a78,3
30162,3
30223,3
botto,3
apa,3
3411,3
3406,3
3430,3
c0215,3
recep,3
safetyshower,3
sootblowing,3
ctl,3
emoved,3
soilds,3
msh,3
stmsplyvlv,3
ic,3
aerat,3
33ffu,3
unl,3
30062,3
116,3
128,3
inc,3
charge,3
nerc,3
hting,3
tae,3
lboard,3
cb1,3
override,3
maxigu,3
3d01a,3
3d01b,3
3d02a,3
3d02b,3
3d05a,3
3d05b,3
3d06a,3
3d03b,3
3d04a,3
3d04b,3
3d10a,3
3d07a,3
3d08a,3
3d08b,3
3d09a,3
3d11a,3
3d11b,3
3d12a,3
prog,3
3d12b,3
3d13a,3
3d13b,3
3d14a,3
3c01a,3
3c02a,3
3c03a,3
3c04a,3
3c05a,3
3c06a,3
3c07a,3
3c08a,3
3c09a,3
3c10a,3
3c11a,3
3c15a,3
30409,3
chlo,3
facil,3
keyboard,3
30222,3
recircvlvs,3
bypyss,3
519,3
518,3
30335,3
30337,3
mass,3
cnc,3
dirty,3
fldz,3
30488,3
same,3
prgrmr,3
30874,3
30872,3
page,3
runng,3
scnr,3
resis,3
tance,3
30873,3
nl,3
av,3
copier,3
inkjet,3
nsfer,3
0153,3
copy,3
mills,3
breeching,3
blwdn,3
30140,3
30216,3
gatehse,3
30461,3
30462,3
30463,3
0019,3
tb1,3
pfd,3
bsmnt,3
gulator,3
lndfill,3
passageway,3
85a,3
spared,3
cca,3
230,3
ccb,3
8490,3
antenna,3
wetting,3
vaccleaner,3
backflush,3
wll,3
3m392,3
chas,3
eleva,3
dryers,3
31234,3
compres,3
13th,3
24th,3
19th,3
nst,3
eject,3
isture,3
descntdry,3
racks,3
lr,3
306a,3
u9,3
u10,3
u6,3
ele,3
d3,3
cndensor,3
kw,3
ulation,3
h1,3
amm,3
034,3
3172,3
star,3
itted,3
lay,3
cdp,3
30341,3
30177,3
cndnsr,3
grnd,3
tubes,3
available,3
conve,3
31bcp,3
32bcp,3
30327,3
circu,3
pinchvlv,3
30134,3
wp,3
ultraso,3
change,3
loca,3
stra,3
trainer,3
dwnstream,3
30076,3
30113,3
wh,3
3170,3
0002,3
pocket,3
operating,3
hs,3
humidistat,3
flh,3
30059,3
indicato,3
rvr,3
mixi,3
comprsply,3
ferential,3
balancev,3
30377,3
30762,3
cccw,3
analyze,3
mont,3
cndu,3
nse,3
regeneratio,3
rossover,3
indiv,3
unit1,3
smbs,3
antiscalant,3
lator,3
effluen,3
wtsply,3
1001,3
dmin,3
regin,3
manometric,3
ggle,3
comprsd,3
c048,3
receiv,3
diversion,3
1005,3
elector,3
onductivity,3
catio,3
indicatoricato,3
dct,3
heatin,3
analyser,3
30044,3
underground,3
3603,3
xm,3
soft,3
hypo,3
beam,3
smplr,3
wwp,3
lag,3
aust,3
3165,3
wat,3
rr,3
stockrm,3
0016,3
sre,3
asm,3
buzzer,3
14a,3
syn,3
term,3
31133,3
0027,3
0010,3
lsi,3
0053,3
rosemount,3
loss,3
overhead,3
active,3
ccpd,3
louver,3
30203,3
regulation,3
0055,3
ammo,3
nia,3
conver,3
shells,3
uge,3
chkvlv,3
barometric,3
shutdown,3
ffluent,3
fore,3
reels,3
3092,3
361,3
364,3
fwd,3
lobby,3
sprd,3
blvlv,3
356,3
c638,3
363,3
390,3
bullard,3
362,3
3099,3
dlge,3
ire,3
gsb,3
cs,3
595,3
607,3
286,3
1446,3
1595,3
1607,3
f3,3
pip,3
0092,3
crimpper,3
band,3
nlet,3
chiled,3
danper,3
39sply,3
branc,3
3654,3
expl,3
c075,3
wayvlv,3
elief,3
istance,3
isolator,3
unicon,3
intl,3
3138sply,3
c078,3
c1273,3
c150,3
3335sply,3
cmr,3
c427,3
c431,3
c478,3
c505,3
c058,3
c073,3
c072,3
c643,3
c743,3
alance,3
3338,3
3335,3
exaust,3
agt,3
xmt,3
cham,3
15ps,3
drying,3
strippng,3
adjustmentvlv,3
inducing,3
switchch,3
eqlzr,3
n0,3
llector,3
gal,3
c3004,3
c4014,3
isolat,3
c4004,3
meas,3
c868,3
c869,3
789,3
tsp,3
44mcc,3
4fdf,3
3m35,3
3c12,3
3m36,3
blwdwb,3
c3009,3
10psi,3
immers,3
decade,3
oscilloscope,3
mhz,3
30psi,3
300psi,3
perma,3
3000psi,3
aged,3
variator,3
1610,3
rollup,3
watch,3
freq,3
recepts,3
0126,3
john,3
voigt,3
blunt,3
dave,3
dan,3
mcconnell,3
bruner,3
weis,3
electrician,3
transducers,3
stmsplyvlvs,2
induction,2
checks,2
globe,2
fly,2
bently,2
unloa,2
transmission,2
lunchrm,2
f011,2
f012,2
f013,2
g003,2
g008,2
h001,2
l001,2
l002,2
u005,2
bgscrb,2
paper,2
stairwell,2
32a,2
breech,2
hcc,2
optic,2
b001,2
b003,2
b004,2
b005,2
j006,2
j007,2
1s,2
2s,2
3s,2
4p,2
4s,2
emission,2
distrobution,2
trolly,2
cabnet,2
measuring,2
oxyge,2
pressurization,2
fhyd,2
ys,2
121,2
3265,2
3266,2
3274,2
3276,2
thawing,2
ert,2
vibrating,2
scharger,2
recieving,2
553,2
sewer,2
flygt,2
submersible,2
steer,2
sky,2
800aj,2
pick,2
crew,2
sweeper,2
alone,2
nissan,2
pyrolysate,2
skd,2
reser,2
mlo,2
discharger,2
fullers,2
fine,2
label,2
large,2
empire,2
3646,2
sewing,2
shear,2
strsrelv,2
tile,2
tolbitgr,2
18th,2
garbage,2
small,2
paint,2
baldor,2
controlb,2
gantry,2
mezz,2
boi,2
surg,2
wter,2
burnisher,2
rnng,2
rans,2
30210,2
ft30009,2
ft30010,2
ft30018,2
fs30033,2
fs30034,2
fs30035,2
oult,2
permissi,2
30900,2
30898,2
30899,2
30901,2
30323,2
30324,2
30321,2
30056,2
uto,2
hydrostatic,2
automation,2
perhtr,2
desuperht,2
sludge,2
moni,2
tubine,2
photoelec,2
wiring,2
gallery,2
1195,2
programer,2
aint,2
1119,2
lunchr,2
059,2
entran,2
1087,2
bath,2
003,2
aereators,2
transi,2
usb,2
reducng,2
30229,2
mntr,2
sn,2
gga,2
oriface,2
fswa,2
fswb,2
excess,2
22a,2
30247,2
abandnd,2
drnv,2
3351,2
vacsep,2
30246,2
30397,2
esop,2
absolute,2
c02,2
irxfmra1,2
irxfmra2,2
irxfmrb1,2
irxfmrb2,2
irxfmrc1,2
irxfmrc2,2
irgena,2
irgenb,2
irgenc,2
yst,2
hfi,2
hti,2
30423,2
detrng,2
stabilizer,2
adjust,2
30498,2
ectrical,2
ltmeter,2
delta,2
115v,2
tchng,2
oint,2
atg,2
gt58,2
order,2
looped,2
9x,2
9y,2
10x,2
10y,2
11x,2
11y,2
12x,2
12y,2
cndtng,2
reservoirs,2
30084,2
30118,2
reservoi,2
msp,2
extra,2
30081,2
surgevlv,2
ove,2
rflow,2
monicello,2
monoxide,2
30493,2
30292,2
30665,2
elmtr,2
ted,2
isc,2
hdrtmperature,2
46r,2
emergen,2
nload,2
gua,2
gu,2
dnstrm,2
iavr,2
32r,2
ggp,2
40r,2
klf,2
stv,2
ijf51,2
1500,2
gevlv,2
botton,2
prg3,2
14000,2
mgxfmr,2
storg,2
31570,2
30311,2
30312,2
motors,2
spary,2
engage,2
nar,2
ver,2
intrcptvlv,2
rhvlv,2
lts,2
ventilatorvlv,2
extvlv,2
1ph,2
kva480,2
md,2
basteins,2
eakoff,2
equalizer,2
3x,2
3y,2
4x,2
4y,2
5x,2
5y,2
6x,2
6y,2
7x,2
7y,2
8x,2
8y,2
600a,2
iv1,2
ector,2
tect,2
ctor,2
vdt,2
chernee,2
800a,2
spdv,2
concrete,2
watlo,2
altek,2
stck,2
calibration,2
stress,2
pumpspencer,2
isops,2
30090,2
30091,2
lockoutvlv,2
30313,2
ssafv,2
three,2
hsfv,2
desupehtr,2
31073,2
feedwate,2
diverted,2
dsuperheat,2
30158,2
hspv,2
divertingvlv,2
ontrolr,2
2lime,2
lut,2
pilt,2
scrub,2
1lms,2
1sc,2
2sc,2
1slry,2
2slry,2
1dlt,2
2dlt,2
astmsply,2
eat,2
hdrinter,2
hdrinte,2
prewrm,2
30515,2
30530,2
30182,2
nunciator,2
cnduct,2
oop,2
ake,2
deareator,2
waterpump,2
heatrs,2
30342,2
30343,2
cwsply,2
30356,2
3806,2
30419,2
30345,2
30344,2
shutdwn,2
30198,2
30420,2
recirvlv,2
dead,2
0750,2
0751,2
30987,2
valven,2
yokagawa,2
icating,2
neutraliz,2
ushbutton,2
transmit,2
barn,2
outboar,2
30822,2
locked,2
lites,2
eld,2
blowd,2
own,2
emp,2
ootvlv,2
overf,2
drvlv,2
ontlr,2
draf,2
atomizin,2
tandby,2
ballvl,2
sso,2
positio,2
sfty,2
pct,2
fir,2
enclos,2
elltale,2
30384,2
breakd,2
nitr,2
ogen,2
30064,2
records,2
30241,2
icemaker,2
half,2
winterizing,2
weir,2
tsi,2
c0574,2
refractory,2
rainvlv,2
backflushvlv,2
3465,2
cruasher,2
velocity,2
flushsplyvlv,2
outh,2
orth,2
nozzl,2
es,2
31wall,2
telescopc,2
unloader,2
glas,2
0084,2
0083,2
turnstyles,2
mezzanine,2
0091,2
communications,2
sliding,2
protector,2
bailey,2
llection,2
vanes,2
30818,2
30817,2
262,2
runnin,2
trippe,2
stoppe,2
dema,2
segvlv,2
dcr,2
evactor,2
arng,2
gtg,2
30546,2
30547,2
30548,2
30549,2
32pa,2
thermosw,2
sgr,2
3coo17,2
3coo19,2
preheating,2
btpass,2
csply,2
ilet,2
supplyvlv,2
bypvlv,2
rcvlv,2
30183,2
30226,2
30985,2
armng,2
lpawp,2
etc,2
kvlv,2
eptacle,2
receptac,2
ontvlv,2
blade,2
curr,2
3coo0505,2
3coo0403,2
3coo0501,2
3coo0401,2
temperaturecntl,2
methane,2
luice,2
31pulv,2
30537,2
3coo12,2
30121,2
knife,2
3coo1303,2
sootblowersply,2
outg,2
ate,2
3403,2
3407,2
3409,2
3428,2
oster,2
nzl,2
cam,2
era,2
ik70,2
rculation,2
3397,2
31280,2
unldrvlv,2
3174,2
3173,2
bub,2
itor,2
uter,2
meteri,2
cabinets,2
clngvlv,2
30164,2
sop,2
1019,2
prgmrs,2
programmers,2
consoles,2
ior,2
put,2
iob,2
protech,2
tps,2
c0247,2
panelbo,2
lou,2
flrs,2
rcy,2
broken,2
3c00c,2
3h01a,2
3h01b,2
3c14c,2
30400,2
30401,2
30402,2
30403,2
30404,2
30406,2
30407,2
30411,2
30412,2
30413,2
30414,2
30415,2
9000,2
bsc,2
msc,2
diaphr,2
30526,2
30524,2
30382,2
chut,2
overpress,2
30225,2
usage,2
dispenser,2
tech,2
dsc,2
eas,2
wes,2
verflow,2
intgtr,2
crt,2
prin,2
io,2
cntrvlv,2
lmtq,2
30336,2
3d03a,2
mem,2
mas,2
panels,2
training,2
const,2
30481,2
30470,2
30471,2
30472,2
30473,2
30485,2
30474,2
30475,2
xo,2
vervlv,2
pendant,2
reheater,2
cjs,2
recoveryvlv,2
blwdwnvlv,2
31stm,2
etract,2
nsert,2
erential,2
sens,2
suph,2
horiz,2
33rtcb1,2
33rtcb2,2
ape,2
2920,2
2925,2
emissions,2
regulat,2
brks,2
dscnts,2
34rtcb1,2
fillvlv,2
sbas,2
tracing,2
4e,2
print,2
ws8,2
0004,2
0005,2
ventv,2
tievlv,2
betwn,2
aep,2
sac,2
anylzr,2
ee,2
wireway,2
thrtl,2
lndfll,2
tnksplyvlv,2
owdwn,2
unloadvlv,2
3b0168,2
30175,2
mitorque,2
nose,2
3b0405,2
3b0406,2
31air,2
closd,2
stpvlv,2
3b0505,2
3b0506,2
retn,2
3b0605,2
3b0606,2
crosswalk,2
3c0101,2
3c0102,2
3c0103,2
3c0104,2
3c0105,2
3c0106,2
3c0107,2
3c0108,2
3c0111,2
3c0112,2
ps30460,2
3c0113,2
3c0114,2
3c0115,2
3c0116,2
3c0117,2
3c0118,2
3c0121,2
3c0122,2
3c0123,2
3c0124,2
3c0125,2
3c0126,2
3c0127,2
3c0128,2
3c0131,2
3c0132,2
3c0133,2
3c0134,2
3c0135,2
3c0136,2
3c0137,2
3c0138,2
3c0201,2
3c0202,2
3c0203,2
3c0204,2
3c0205,2
3c0206,2
3c0207,2
3c0208,2
3c0211,2
3c0212,2
3c0213,2
3c0214,2
3c0215,2
3c0216,2
3c0217,2
3c0218,2
3c0221,2
3c0222,2
3c0223,2
3c0224,2
3c0225,2
3c0226,2
3c0227,2
31sa,2
32sa,2
dschvlv,2
clnr,2
3c0228,2
3c0231,2
3c0301,2
3c0302,2
3c0303,2
3c0304,2
3c0305,2
waiting,2
3c0306,2
3c0307,2
3c0308,2
3c0311,2
3c0312,2
3c0313,2
3c0314,2
3c0315,2
3c0316,2
3c0317,2
3c0318,2
3c0321,2
3c0322,2
alternate,2
3c0323,2
3c0324,2
3c0325,2
3c0326,2
3c0327,2
3c0328,2
241c,2
3c0332,2
3c0333,2
3c0334,2
3c0335,2
3c0337,2
3c0401,2
aids,2
3c0402,2
3c0403,2
3c0404,2
3c0405,2
3c0406,2
3c0407,2
3c0408,2
3c0411,2
3c0412,2
3c0413,2
3c0414,2
3c0415,2
3c0416,2
3c0417,2
3c0421,2
3c0422,2
3c0423,2
3c0424,2
3c0425,2
3c0426,2
3c0427,2
3c0428,2
3c0431,2
3c0432,2
3c0433,2
3c0501,2
32ffu,2
3c0502,2
3c0503,2
3c0504,2
3c0505,2
3c0506,2
3c0507,2
3c0508,2
3c0511,2
3c0512,2
3c0513,2
3c0514,2
3c0515,2
3c0516,2
3c0517,2
3c0521,2
3c0522,2
3c0523,2
3c0601,2
3c0602,2
3c0603,2
3c0604,2
3c0612,2
3c0613,2
3c0614,2
3c0615,2
3c0616,2
3c0617,2
3c0618,2
3c0621,2
3c0622,2
3c0623,2
3c0624,2
3c0625,2
3c0626,2
3c0627,2
3c0628,2
3c0631,2
3c0632,2
3c0633,2
3c0634,2
3c0635,2
3c0636,2
3c0638,2
indoor,2
3c0701,2
3c0702,2
3c0703,2
3c0704,2
3c0705,2
3c0706,2
3c0707,2
3c0708,2
3c0711,2
3c0712,2
3c0713,2
3c0714,2
3c0715,2
3c0716,2
3c0717,2
3c0718,2
3c0721,2
3c0722,2
3c0723,2
pads,2
3c0724,2
3c0725,2
flowmeter,2
3c0726,2
3c0727,2
3c0801,2
3c0802,2
3c0803,2
itt,2
3c0804,2
3c0805,2
3c0806,2
3c0807,2
3c0831,2
3c0811,2
3c0812,2
3c0813,2
3c0814,2
3c0815,2
3c0816,2
3c0817,2
3c0818,2
3c0821,2
3c0822,2
strpmp,2
3c0823,2
3c0832,2
3c0901,2
3c0902,2
3c0903,2
3c0904,2
g31,2
3c0906,2
3c0907,2
3c0908,2
3c0911,2
85b,2
3c0912,2
3c0913,2
3c0914,2
3c0915,2
3c0916,2
3c0917,2
3c0918,2
3c0921,2
3c0922,2
3c0923,2
3c0924,2
3c0925,2
3c0926,2
3c0927,2
3c0931,2
3c0932,2
3c0936,2
3c0937,2
3c0938,2
dca,2
dcb,2
3c1001,2
3c1002,2
3c1003,2
3c1004,2
3c1005,2
3c1008,2
dcc,2
dcd,2
3c1011,2
3c1012,2
3c1013,2
3c1014,2
3c1015,2
3c1016,2
3c1017,2
3c1018,2
3c1021,2
3c1022,2
3c1023,2
3c1025,2
3c1026,2
3c1027,2
3c1028,2
3c1036,2
3c1200,2
3c1300,2
powers,2
cranes,2
0020,2
prvs,2
blowers,2
3d0100an,2
catwalks,2
3d0100as,2
3d0101,2
3d0102,2
3d0103,2
3d0104,2
3d0105,2
3d0106,2
3d0107,2
3d0108,2
3d0111,2
3d0112,2
3d0113,2
3d0114,2
3d0115,2
3d0116,2
3d0117,2
3d0118,2
3d0121,2
3d0122,2
3d0123,2
3d0124,2
3d0125,2
3d0126,2
3d0127,2
3d0128,2
3d0131,2
3d0132,2
3d0133,2
3d0134,2
3d0135,2
3d0136,2
3d0137,2
3d0138,2
3d0141,2
3d0142,2
3d0143,2
3d0144,2
3d0145,2
3d0146,2
3d0147,2
3d0148,2
3d0151,2
3d0152,2
3d0153,2
3d0154,2
3d0155,2
3d0156,2
3d0157,2
3d0158,2
3d0161,2
3d0162,2
3d0200an,2
3d0200as,2
3d0201,2
3d0202,2
3d0203,2
3d0204,2
3d0205,2
3d0206,2
3d0207,2
3d0208,2
3d0211,2
3d0212,2
3d0213,2
3d0214,2
3d0215,2
3d0216,2
3d0217,2
3d0218,2
3d0221,2
3d0222,2
3d0223,2
3d0224,2
3d0225,2
3d0226,2
3d0227,2
3d0228,2
3d0231,2
3d0232,2
3d0233,2
3d0234,2
3d0235,2
3d0236,2
3d0237,2
3d0238,2
3d0241,2
3d0242,2
3d0243,2
3d0244,2
3d0245,2
3d0246,2
3d0247,2
3d0248,2
3d0251,2
3d0252,2
3d0253,2
3d0254,2
3d0255,2
3d0256,2
3d0257,2
3d0261,2
3d0262,2
3d0263,2
3d0300an,2
3d0300as,2
3d0301,2
3d0302,2
3d0303,2
3d0304,2
3d0305,2
3d0306,2
3d0307,2
3d0308,2
3d0311,2
3d0312,2
3d0313,2
3d0314,2
3d0315,2
3d0316,2
3d0317,2
3d0318,2
3d0321,2
3d0322,2
3d0323,2
3d0324,2
3d0325,2
3d0326,2
strai,2
ner,2
3d0327,2
3d0328,2
3d0331,2
3d0332,2
3d0333,2
3d0334,2
3d0335,2
3d0336,2
3d0337,2
3d0338,2
3d0341,2
3d0342,2
3d0343,2
3d0344,2
3d0345,2
3d0346,2
3d0347,2
3d0348,2
3d0351,2
3d0352,2
3d0353,2
3d0354,2
3d0355,2
3d0356,2
3d0357,2
3d0358,2
3d0361,2
3d0362,2
3d0400an,2
3d0400as,2
3d0401,2
3d0402,2
3d0403,2
3d0404,2
3d0405,2
3d0406,2
3d0407,2
3d0408,2
3d0411,2
3d0412,2
3d0413,2
3d0414,2
3d0415,2
3d0416,2
3d0417,2
3d0418,2
3d0421,2
3d0422,2
3d0423,2
3d0424,2
3d0425,2
3d0426,2
3d0427,2
3d0428,2
3d0431,2
3d0432,2
3d0433,2
3d0434,2
3d0435,2
3d0436,2
3d0437,2
3d0438,2
3d0441,2
3d0442,2
3d0443,2
3d0444,2
3d0445,2
3d0446,2
brd,2
3d0447,2
3d0448,2
3d0451,2
3d0452,2
3d0453,2
3d0454,2
3d0455,2
3d0456,2
3d0457,2
3d0458,2
3d0461,2
3d0500an,2
3d0500as,2
3d0501,2
3d0502,2
3d0503,2
3d0504,2
3d0505,2
3d0506,2
3d0507,2
3d0508,2
3d0511,2
3d0512,2
3d0513,2
3d0514,2
3d0515,2
3d0516,2
3d0517,2
3d0518,2
3d0521,2
3d0522,2
3d0523,2
3d0524,2
3d0525,2
3d0526,2
3d0527,2
3d0528,2
3d0531,2
3d0532,2
3d0533,2
3d0534,2
3d0535,2
3d0536,2
3d0537,2
3d0538,2
3d0541,2
3d0542,2
3d0543,2
3d0544,2
3d0545,2
3d0546,2
3d0547,2
3d0548,2
3d0551,2
3d0552,2
3d0553,2
3d0554,2
3d0555,2
3d0556,2
3d0557,2
3d0558,2
3d0561,2
3d0562,2
3d0600an,2
3d0600as,2
3d0601,2
3d0602,2
3d0603,2
3d0604,2
3d0605,2
3d0606,2
3d0607,2
3d0608,2
3d0611,2
3d0612,2
3d0613,2
3d0614,2
3d0615,2
3d0616,2
3d0617,2
3d0618,2
3d0621,2
3d0622,2
3d0623,2
3d0624,2
3d0625,2
3d0626,2
3d0627,2
3d0628,2
3d0631,2
3d0700an,2
3d0700as,2
3d0701,2
3d0702,2
3d0703,2
3d0704,2
3d0705,2
3d0706,2
3d0707,2
3d0708,2
3d0711,2
3d0712,2
3d0713,2
3d0714,2
3d0715,2
3d0716,2
3d0717,2
3d0718,2
3d0721,2
3d0722,2
3d0723,2
3d0724,2
3d0725,2
3d0726,2
3d0727,2
3d0800an,2
3d0800as,2
3d0801,2
3d0802,2
3d0803,2
3d0804,2
3d0805,2
3d0806,2
3d0807,2
3d0808,2
3d0811,2
3d0812,2
3d0813,2
3d0814,2
3d0815,2
3d0816,2
3d0817,2
3d0818,2
3d0821,2
3d0822,2
3d0823,2
3d0824,2
3d0825,2
3d0826,2
3d0827,2
3d0828,2
3d0831,2
3d0832,2
3d0833,2
3d0834,2
3d0835,2
3d0836,2
3d0837,2
3d0838,2
3d0841,2
3d0842,2
3d0843,2
3d0844,2
3d0845,2
3d0846,2
3d0847,2
3d0848,2
3d0851,2
3d0852,2
3d0853,2
3d0854,2
3d0855,2
3d0856,2
3d0857,2
3d0900an,2
3d0900as,2
3d0901,2
3d0902,2
3d0903,2
3d0904,2
3d0905,2
3d0906,2
3d0907,2
3d0908,2
3d0911,2
3d0912,2
3d0913,2
3d0914,2
3d0915,2
3d0916,2
3d0917,2
3d0918,2
3d0921,2
3d0922,2
3d0923,2
3d0924,2
3d0925,2
3d0926,2
3d1000an,2
3d1000as,2
3d1001,2
3d1002,2
3d1003,2
3d1004,2
3d1005,2
3d1006,2
3d1007,2
3d1008,2
3d1011,2
3d1012,2
3d1013,2
3d1014,2
3d1015,2
3d1016,2
3d1017,2
3d1018,2
3d1021,2
3d1022,2
3d1023,2
3d1024,2
3d1025,2
3d1026,2
3d1027,2
3d1028,2
3d1031,2
3d1100an,2
3d1100as,2
3d1101,2
3d1102,2
3d1103,2
3d1104,2
3d1105,2
3d1106,2
3d1107,2
3d1108,2
3d1111,2
3d1112,2
3d1113,2
3d1114,2
3d1115,2
3d1116,2
3d1117,2
3d1118,2
3d1121,2
3d1122,2
3d1123,2
3d1124,2
3d1125,2
3d1126,2
3d1127,2
3d1128,2
3d1131,2
3d1132,2
3d1133,2
3d1134,2
3d1135,2
3d1136,2
3d1137,2
3d1138,2
3d1141,2
3d1142,2
3d1143,2
3d1144,2
3d1145,2
3d1146,2
3d1200an,2
3d1200as,2
3d1201,2
3d1202,2
3d1203,2
3d1204,2
3d1205,2
3d1206,2
3d1207,2
3d1208,2
3d1211,2
3d1212,2
3d1213,2
3d1214,2
3d1215,2
3d1216,2
3d1217,2
3d1218,2
3d1221,2
3d1222,2
3d1223,2
3d1224,2
3d1225,2
3d1226,2
3d1227,2
3d1228,2
3d1231,2
3d1232,2
3d1233,2
3d1234,2
3d1235,2
3d1236,2
3d1237,2
3d1238,2
3d1241,2
3d1242,2
3d1243,2
3d1244,2
3d1245,2
3d1246,2
3d1300an,2
3d1300as,2
3d1301,2
3d1302,2
3d1303,2
3d1304,2
3d1305,2
3d1306,2
3d1307,2
3d1308,2
3d1311,2
3d1312,2
3d1313,2
3d1314,2
3d1315,2
3d1316,2
3d1317,2
3d1318,2
3d1321,2
3d1322,2
3d1323,2
3d1324,2
3d1325,2
3d1326,2
3d1327,2
3d1328,2
3d1331,2
3d1332,2
3d1333,2
3d1334,2
3d1335,2
3d1336,2
3d1337,2
3d1338,2
3d1341,2
3d1342,2
3d1343,2
3d1344,2
3d1345,2
3d1346,2
3d1351,2
3d1352,2
3d1353,2
3d1361,2
3d1367,2
3d1368,2
3d1400an,2
3d1400as,2
3d1401,2
3d1402,2
3d1403,2
3d1404,2
3d1405,2
3d1406,2
3d1407,2
3d1408,2
3d1411,2
3d1412,2
3d1413,2
3d1414,2
3d1415,2
3d1416,2
3d1417,2
3d1418,2
3d1421,2
3d1422,2
3d1423,2
3d1424,2
3d1425,2
3d1426,2
3d1427,2
3d1428,2
3d1431,2
3d1432,2
3d1433,2
3d1434,2
3d1435,2
3d1436,2
3d1437,2
historian,2
frad,2
3m311,2
3m321,2
3m324,2
3m331,2
3m334,2
3m341,2
3m344,2
3m351,2
3m361,2
3m364,2
3m371,2
3m374,2
3m381,2
gld,2
lly,2
ovl,2
overlo,2
pshbtn,2
chase,2
nstrument,2
31040,2
sicant,2
icant,2
onditioners,2
ara,2
islovlv,2
islolation,2
8th,2
olationvlv,2
polishe,2
divrtr,2
hits,2
repressurization,2
rge,2
prefil,2
preflt,2
adjusting,2
otsd,2
30160,2
30466,2
30270,2
conect,2
k1,2
306b,2
1152,2
w2,2
312b,2
303c,2
309b,2
303e,2
l3,2
211a,2
28vdc,2
acustical,2
pyrometer,2
bkrvlv,2
vaccuum,2
30825,2
tcf,2
treatmen,2
mxng,2
hdrven,2
igntrs,2
ackpressvlv,2
30305,2
30724,2
diffuser,2
mormal,2
rifice,2
xhaust,2
compsply,2
3178,2
3182,2
ig,2
nitors,2
wide,2
permissiv,2
atmz,2
fandeck,2
blank,2
ndicator,2
afety,2
safe,2
30425,2
cndvlvs,2
ath,2
rainer,2
brm,2
lement,2
cnductvy,2
30303,2
30304,2
31128,2
31129,2
retvlv,2
interlocks,2
nic,2
ultr,2
asonic,2
isfied,2
xpor,2
cvr,2
nchvlv,2
remo,2
401a,2
401b,2
catcher,2
differen,2
tial,2
rinsin,2
rinsng,2
trash,2
c0208,2
c0209,2
c0210,2
c0211,2
beari,2
thrus,2
temper,2
circpump,2
cndensersply,2
c0171,2
3169,2
3171,2
bfpts,2
deaerato,2
0023,2
mostat,2
humidist,2
distat,2
ffvlv,2
perms,2
0123,2
0118,2
fla,2
nged,2
dmz,2
rid,2
vpn,2
deavlv,2
ndvlv,2
wysong,2
fm,2
bkwsh,2
1004,2
outbrg,2
hx,2
psig,2
bolls,2
istributor,2
acwp,2
elecri,2
ldgsply,2
funnel,2
permis,2
sive,2
different,2
ial,2
transm,2
hdrrelvlv,2
chillsply,2
30220,2
30375,2
30217,2
c0382,2
c0378,2
30764,2
30763,2
c1294,2
clrs,2
clsply,2
30758,2
30757,2
pumpsuctionvlv,2
hydrog,2
suctvlv,2
balancng,2
checkvl,2
prima,2
kwash,2
vacpmps,2
makeu,2
deminerlizer,2
sand,2
c0057,2
gers,2
dtctd,2
lmstn,2
seondary,2
feedpump,2
cutout,2
30386,2
30020,2
outvl,2
conductivi,2
austic,2
ld,2
sulfuric,2
dilutio,2
shwrs,2
pota,2
c050,2
c046,2
c047,2
estrm,2
protective,2
achine,2
normally,2
clst,2
30318,2
boost,2
sinks,2
ail,2
bdt,2
c0,2
976,2
mimic,2
c08,2
tisfd,2
topped,2
tarted,2
upstm,2
failure,2
dvrsn,2
rwps,2
cancel,2
30389,2
dnstream,2
ncel,2
tical,2
dissolved,2
dissolve,2
sequencer,2
inje,2
reduci,2
backpress,2
prec,2
specifi,2
um,2
dium,2
gnal,2
cnductance,2
q1,2
311a,2
1242,2
brom,2
ine,2
932,2
30903,2
31295,2
humidifie,2
sprinklers,2
cros,2
stie,2
isoaltion,2
srvce,2
31196,2
cnductivit,2
less,2
emin,2
10033,2
tory,2
shutter,2
30383,2
err,2
vari,2
slc,2
xtievlv,2
c061,2
30209,2
wells,2
siphon,2
bre,2
ak,2
30245,2
30570,2
30571,2
pent,2
rine,2
cleanin,2
ystems,2
ww,2
neutralization,2
sump16,2
fiel,2
151,2
152,2
moistur,2
conec,2
hoist08,2
hoists,2
indi,2
nitor,2
grator,2
exchgrs,2
potentl,2
secnday,2
pump1,2
pump2,2
avail,2
adjustm,2
brea,2
ker,2
radi,2
gine,2
11134,2
starting,2
crankca,2
governor,2
clnt,2
0000,2
1012,2
hute,2
demodu,2
jo,2
tnnel,2
0081,2
0089,2
0011,2
generater,2
contr,2
30604,2
30605,2
blending,2
railroad,2
898320g01,2
8832,2
inbo,2
enclosur,2
ventilation,2
crosovervlv,2
supres,2
0054,2
0073,2
ust,2
0049,2
enter,2
dus,2
nz,2
runni,2
dischrgvl,2
alon,2
wrmg,2
0133,2
sideair,2
programmng,2
esistance,2
x309,2
x316,2
deviation,2
potentiometer,2
gov,2
lkout,2
0134,2
3000a,2
driven,2
hdrcv,2
hdrtripped,2
boh,2
develop,2
riverwater,2
sv8,2
sv12,2
sv13,2
vbk,2
vex,2
bbf,2
bf,2
bb,2
outbr,2
ft569,2
30159,2
30333,2
31510,2
31511,2
eccen,2
0051,2
ailure,2
ful,2
30148,2
30149,2
conds,2
cutter,2
hl,2
stro,2
roke,2
olisher,2
vender,2
png,2
xchanger,2
thick,2
phb2,2
lv2,2
acc,2
drypipe,2
direction,2
feedwtrheaters,2
matri,2
events,2
alarms,2
3513,2
3514,2
group,2
3502,2
exhau,2
3503,2
densate,2
utomatic,2
servic,2
ppt,2
pahtr,2
3096,2
tandam,2
0048,2
hiller,2
regenera,2
commons,2
agita,2
sfer,2
corridors,2
vestibule,2
timers,2
vf,2
recpts,2
392,2
394,2
evc,2
386,2
387,2
398,2
391,2
397,2
396,2
388,2
389,2
393,2
399,2
atte,2
olant,2
ccsm,2
insp,2
xtmr,2
30147,2
except,2
cubilce,2
pipevlv,2
c145,2
action,2
c149,2
gau,2
visory,2
beg,2
offices,2
expansi,2
quarts,2
xt,2
gx,2
dlg,2
luge,2
b00,2
airs,2
openers,2
s1,2
s2,2
s10,2
s9,2
s3,2
s5,2
s6,2
s7,2
s8,2
dicharge,2
31297,2
31298,2
31299,2
divertin,2
erting,2
ertng,2
ivertng,2
cntrlvlvl,2
j004,2
j102,2
ha,2
3287sply,2
3288sply,2
3289sply,2
3290sply,2
3291sply,2
3292sply,2
3293sply,2
3294sply,2
heatingsply,2
jnt,2
efficie,2
ncy,2
regltr,2
olt,2
damps,2
30777,2
30778,2
31573,2
30779,2
30780,2
30781,2
30782,2
throttlng,2
globev,2
futur,2
coilvlv,2
divertng,2
resistanc,2
c0785,2
c0786,2
c0787,2
see,2
dmper,2
transmtr,2
opac,2
rflctr,2
plu,2
1993,2
straner,2
3001sply,2
3002sply,2
3003sply,2
3004sply,2
3005sply,2
3006sply,2
3007sply,2
3008sply,2
3009sply,2
3010sply,2
3011sply,2
3012sply,2
3013sply,2
3014sply,2
3015sply,2
3016sply,2
3017sply,2
3018sply,2
3019sply,2
3020sply,2
3021sply,2
3022sply,2
3023sply,2
3024sply,2
3025sply,2
3026sply,2
3027sply,2
3028sply,2
3029sply,2
3030sply,2
3031sply,2
3032sply,2
3033sply,2
3034sply,2
3035sply,2
3036sply,2
3037sply,2
3038sply,2
3039sply,2
3040sply,2
3041sply,2
3042sply,2
3043sply,2
3044sply,2
3045sply,2
3046sply,2
3047sply,2
3048sply,2
3049sply,2
3050sply,2
3051sply,2
intclr,2
3052sply,2
3068sply,2
3069sply,2
3070sply,2
3071sply,2
3072sply,2
3073sply,2
3074sply,2
3075sply,2
3076sply,2
3077sply,2
3078sply,2
3079sply,2
3080sply,2
3081sply,2
3082sply,2
3083sply,2
3084sply,2
3085sply,2
3107sply,2
3109sply,2
3111sply,2
3113sply,2
3115sply,2
3102sply,2
3103sply,2
3104sply,2
3135sply,2
3117sply,2
3131sply,2
3101sply,2
3137sply,2
3139sply,2
3141sply,2
3143sply,2
3145sply,2
3147sply,2
3149sply,2
3151sply,2
3153sply,2
3163sply,2
3161sply,2
3159sply,2
3157sply,2
3155sply,2
3128sply,2
3126sply,2
3105sply,2
3106sply,2
3114sply,2
3112sply,2
3110sply,2
3108sply,2
3127sply,2
3129sply,2
3132sply,2
3154sply,2
3152sply,2
3150sply,2
3148sply,2
3146sply,2
3144sply,2
3142sply,2
3140sply,2
3156sply,2
3158sply,2
3160sply,2
3162sply,2
3164sply,2
transit,2
c1498,2
c1499,2
c1500,2
c036,2
etn,2
c037,2
conto,2
3338sply,2
3337sply,2
3310sply,2
3336sply,2
3311sply,2
3304sply,2
3301sply,2
3302sply,2
3303sply,2
3306sply,2
3305sply,2
3307sply,2
3308sply,2
3309sply,2
3312sply,2
3313sply,2
branchsply,2
rlv,2
3339sply,2
3340sply,2
3341sply,2
3342sply,2
3343sply,2
3345sply,2
3327sply,2
3328sply,2
3330sply,2
3314sply,2
3315sply,2
3316sply,2
3317sply,2
3318sply,2
3319sply,2
3320sply,2
3321sply,2
3322sply,2
3323sply,2
3324sply,2
3325sply,2
3326sply,2
3329sply,2
3344sply,2
thermosta,2
shtoffsp,2
through,2
throug,2
chliller,2
dity,2
fitting,2
superheatd,2
humidif,2
ier,2
schedulng,2
help,2
cntrlssply,2
trainng,2
stds,2
rcv,2
3337,2
3336,2
3309,2
3343,2
3345,2
3344,2
c0783,2
c0784,2
rung,2
1ts,2
ttr,2
rcyle,2
3183,2
15p,2
hdrpulsngvlv,2
vibrtion,2
hdtks,2
manf,2
blanked,2
weighfeeder,2
heated,2
srvc,2
slkng,2
indicater,2
ballmill,2
try,2
solenoi,2
olenoid,2
premixer,2
bow,2
slaked,2
cut,2
bmi,2
bma,2
nifold,2
crubber,2
cnductiv,2
312a,2
rtry,2
itationsplyvlv,2
probes,2
suctn,2
302089sd02l100,2
302089sd02l500,2
302089sd02l1000,2
302089sd02l5000,2
lcl,2
xvlv,2
ccs,2
wc,2
observation,2
inserted,2
ssovs,2
scanners,2
c4013,2
dvc6200,2
3400,2
c0296,2
c0294,2
mobile,2
fueloil,2
stmsupply,2
3300,2
4017,2
4138,2
4300,2
4303,2
c872,2
c875,2
c876,2
3432,2
warmpup,2
cpt,2
f4,2
f5,2
25a,2
cb14,2
resistr,2
cb13,2
cb15,2
43mcc,2
cb20,2
cb21,2
cb16,2
cb17,2
cb18,2
business,2
1ffm,2
ups,2
cb102,2
cb104,2
cb107,2
cb117,2
cb119,2
fu127,2
ups1,2
cb128,2
fu137,2
ups2,2
cb138,2
cb146,2
fu147,2
fu148,2
fu150,2
8a,2
fu162,2
fu176,2
pnlcb182,2
182,2
pnlcb187,2
187,2
pnlcb192,2
192,2
pnlcb197,2
197,2
fu202,2
tr202,2
fu214,2
fu222,2
pwra,2
fu223,2
pwrb,2
fu242,2
fu249,2
fu305,2
fu313,2
fu341,2
fu381,2
fu470,2
fu480,2
fu490,2
fu500,2
fu510,2
fu520,2
fu541,2
fu561,2
fu581,2
fu685,2
s683,2
fu693,2
s691,2
fu721,2
fu761,2
fu810,2
fu820,2
fu830,2
fu840,2
fu841,2
fu861,2
fu881,2
fu901,2
fu921,2
fu1042,2
outlets,2
prmy,2
200in,2
100ft,2
250ft,2
restrict,2
meadia,2
selection,2
fireeye,2
120vac,2
invtrs,2
inverters,2
2hvac2460,2
kistler,2
morse,2
ester,2
ryan,2
100psi,2
30vac,2
rmvd,2
rad,2
magnetic,2
protractor,2
aircond,2
paperless,2
larson,2
tony,2
studer,2
metso,2
project,2
brady,2
bradley,2
no2,2
cxhy,2
19a,1
structure,1
drian,1
p027,1
awrp,1
bagc,1
bajp,1
ahhop,1
ehop,1
axbxbl,1
acmix,1
atc,1
rsvf,1
fluidizin,1
mm001,1
rclp,1
rycp,1
f014,1
f015,1
f016,1
f017,1
f018,1
f019,1
f020,1
g004,1
g029,1
bgeff,1
bunker,1
explosives,1
pumphouse,1
mputer,1
ctph,1
pebl,1
sprnklr,1
3e,1
3w,1
awrph,1
bgad,1
bgblr,1
scheduling,1
bgtrans,1
carp,1
envlab,1
insl,1
k005,1
k008,1
p019,1
p020,1
p022,1
p023,1
p024,1
p026,1
p028,1
p029,1
p030,1
p031,1
salt,1
ssst,1
ladder,1
loading,1
interior,1
36b,1
144,1
145,1
146,1
147,1
171,1
172,1
34a,1
34b,1
36a,1
item,1
151579,1
bhb,1
awrb,1
bgturb,1
b002,1
b006,1
j008,1
j009,1
p021,1
p025,1
v002,1
smuc,1
t1,1
cch,1
258,1
1p,1
2p,1
3p,1
31ffi,1
32ffi,1
33ffi,1
sdain,1
pphse,1
devic,1
lsxp,1
srt,1
distributio,1
308e,1
atomizers,1
sod,1
lsp,1
925,1
continous,1
437,1
bfpr,1
257,1
259,1
amnpmp,1
coat,1
unleaded,1
470,1
274,1
smkp,1
ghpipe,1
3259,1
3261,1
3262,1
3267,1
3268,1
3269,1
3270,1
3271,1
3272,1
3273,1
3275,1
circulation,1
unix,1
energ,1
ceiving,1
estone,1
southpump,1
lrfdr,1
k003,1
it28g,1
cat140h,1
grader,1
dodge,1
824g,1
dozer,1
cs56,1
freightliner,1
towable,1
sykes,1
1270cap,1
1997,1
247b3,1
sissors,1
guzzler,1
gap,1
vax,1
genie,1
638cap,1
2003,1
bucket,1
2004,1
manitowoc,1
637e,1
scissor,1
pod,1
cs563c,1
th580b,1
cl80lp,1
standing,1
walk,1
behind,1
1987,1
telehandler,1
hyster,1
2005,1
f550,1
875,1
927,1
mist,1
landlotk,1
1ac,1
2ac,1
esuperheater,1
881,1
pasline3,1
passat,1
passupht,1
btu,1
davis,1
keyseater,1
cardboard,1
baler,1
efco,1
lapping,1
laser,1
engrraver,1
metalmch,1
punch,1
radarmdr,1
surfgrd,1
vacumm,1
27a,1
forrest,1
1508,1
viking,1
ken,1
dirkes,1
weldmach,1
sandblasting,1
bender,1
ward,1
robotics,1
repair,1
axcess,1
pumphous,1
riverat,1
cfdr,1
cline,1
elimtr,1
iigniter,1
ntrlr,1
30771,1
30773,1
30775,1
pi30030,1
pi30028,1
pi30157,1
pi30031,1
pi30029,1
pi30158,1
oat,1
reservoirsply,1
0b,1
cld,1
cou,1
nter,1
lenoid,1
m3,1
sma,1
mini,1
rwr,1
paf,1
biulding,1
able,1
liihting,1
d2,1
checkout,1
eqmemt,1
observ,1
hpph,1
enance,1
v004,1
takeups,1
acce,1
ment,1
8n16a,1
8n16b,1
8n17b1,1
8n17b2,1
8n18a,1
8n18b,1
8n21a,1
1040,1
8n21b,1
8n22b1,1
8n22b2,1
8n23a,1
8n23b,1
8n24a,1
8n24b,1
crk,1
8n25b1,1
8n25b2,1
8n26a,1
8n26b,1
8n27a,1
8n27b,1
8n28b1,1
8n28b2,1
8n29a,1
8n29b,1
8n30a,1
8n30b,1
8n31b1,1
8n31b2,1
345gcb,1
8n32a,1
8n32b,1
f501,1
contractor,1
restro,1
oms,1
bays,1
platform,1
ll005,1
ll012,1
ll003,1
ll014,1
ll002,1
xomp,1
mediate,1
wirng,1
heast,1
stairways,1
unidor,1
fixtures,1
cablespr,1
doorp,1
boxes,1
572,1
573,1
annun,1
ciator,1
alytcl,1
extinguishing,1
30230,1
y25,1
y25a,1
y24a,1
y24c,1
dslv,1
33759,1
isoati,1
zeroing,1
afsa1,1
afsa2,1
afsb1,1
afsb2,1
excss,1
22b,1
nlyzr,1
cali,1
45a,1
g99,1
52a,1
53a,1
30231,1
resin,1
washvl,1
70a,1
71a,1
y49,1
former,1
30235,1
30236,1
33a,1
54a,1
55a,1
56a,1
gensply,1
ltalevv,1
telltalevv,1
yr,1
hardy,1
h29,1
h72,1
h83,1
tellta,1
3347,1
3348,1
otl,1
buss,1
vactnk,1
enlar,1
gement,1
detecto,1
msd,1
purging,1
duplex,1
iii,1
alternater,1
nsmitr,1
regrigeration,1
cps,1
refrigerant,1
rps,1
spb,1
spcoil,1
spmkup,1
genrator,1
yfi,1
vaporzr,1
co2vaprzr,1
sgna,1
vacbrk,1
hygrogen,1
tccoila,1
tccoilb,1
tcc,1
v1,1
v2,1
v3,1
30628,1
v4,1
30238,1
12a,1
n27,1
n28,1
stabiliz,1
vm,1
electr,1
ical,1
wattm,1
rical,1
factor,1
synch,1
trical,1
nsducer,1
ducer,1
ansducer,1
nc,1
watts,1
telemeter,1
shiftng,1
matchi,1
gross,1
kiloamperes,1
kilovolts,1
genmegavars,1
genfrequency,1
genwinding,1
223,1
227,1
9a,1
excitor,1
ermostat,1
combustable,1
serveron,1
acumm,1
sfo,1
xf,1
indng,1
bleeder,1
oilsplyvlv,1
eqmnt,1
tnksvlv,1
30928,1
30927,1
atom1zing,1
eme,1
rgency,1
trasnfer,1
standar,1
resevoir,1
vacgage,1
hdrtg,1
hdrturn,1
hdralrm,1
cetrifug,1
voir,1
minimum,1
statio,1
lers,1
late,1
conectnvlv,1
discvlv,1
tot,1
alizer,1
hdroil,1
30272,1
30273,1
ps30492,1
ft30194,1
ps30754,1
pprv,1
783,1
ousng,1
ride,1
leased,1
digtllinearizng,1
787,1
phasor,1
vibr,1
management,1
26000,1
24000,1
ijc,1
50gr,1
pjc,1
cfd,1
sgc,1
cfvb,1
dgsh,1
78r,1
kst,1
2800,1
lpaexhaust,1
cntrlvlvs,1
piggyback,1
rotection,1
exhuast,1
ps11,1
ps12,1
ps21,1
ps22,1
crosso,1
atmospheric,1
atmosspheric,1
gagng,1
equalizervlv,1
servovlv,1
frt,1
pper,1
surfac,1
0ver,1
uper,1
loer,1
spl2,1
ungrounde,1
30146,1
30145,1
ventilating,1
15kva,1
45kva,1
30kva,1
240,1
cherne,1
ge4,1
ntout,1
contractors,1
fmo,1
webb,1
9009,1
labors,1
feco,1
newtron,1
312k,1
welders,1
310k,1
9001,1
dete,1
angl,1
detct,1
9002,1
xfmr,1
ceco,1
wlder,1
hoffman,1
esuphtr,1
9010,1
17xfmr,1
gaurd,1
quarters,1
chg,1
assm,1
hut,1
mgmnt,1
sourc,1
dwyer,1
fisher,1
pwrsply,1
13115,1
calibratio,1
blowb,1
nvlvs,1
invlvs,1
tt583,1
tt582,1
limitor,1
que,1
iv4,1
ngle,1
trend,1
vm3,1
vm4,1
vm5,1
micro,1
svr,1
minute,1
ifold,1
hydralic,1
ear,1
soleno,1
idvlv,1
transd,1
ucer,1
elecro,1
isopi,1
16a,1
16b,1
16c,1
latch,1
lptrb,1
srm,1
mayno,1
oisture,1
enser,1
value,1
divertngvlv,1
pressurizingvlv,1
vacalrm,1
sealsply,1
uperhtr,1
hdrgrd,1
cv3006,1
parator,1
outlvlv,1
3014outlt,1
pi30549,1
31289,1
xtract,1
turbines,1
3lms,1
nits,1
vault,1
contrlvlvs,1
receivr,1
sch,1
mmonsply,1
500psi,1
ines,1
superh,1
blowdw,1
036,1
037,1
hdrdrai,1
unit2,1
2700,1
1700,1
1089,1
2089,1
damage,1
pushbu,1
hdrhigh,1
superht,1
retun,1
pressue,1
024,1
pt274,1
30066,1
hdrdrip,1
uildng,1
3707,1
3704,1
3925,1
hdrtmp,1
rehtsply,1
operat,1
operate,1
rming,1
ntvlvs,1
deaera,1
sion,1
operatng,1
3772,1
annunc,1
iator,1
lfi,1
exchangersply,1
30204,1
ethyle,1
hylene,1
30568,1
3734,1
nitrog,1
ehtylene,1
30205,1
30207,1
3735,1
xchr,1
31bldg,1
32bldg,1
30172,1
recircu,1
onic,1
trnsd,1
irculation,1
isoatoin,1
0398,1
0397,1
0396,1
0395,1
opc,1
2xh,1
por,1
rotect,1
otect,1
eleme,1
31ash,1
annu,1
nciator,1
iscellaneous,1
awr,1
acknow,1
ledge,1
retsply,1
pi30567,1
pi30566,1
30812,1
30813,1
30814,1
isoltn,1
wtrvlvs,1
relvlvs,1
vents,1
lves,1
32408,1
32409,1
32410,1
32411,1
32413,1
32414,1
ischarg,1
ischage,1
dcvlv,1
sray,1
rlfvlv,1
connectio,1
tempoary,1
siol,1
assistant,1
elevevator,1
hwcwpump,1
lt30242,1
30369,1
30368,1
lb,1
30651,1
30650,1
30254,1
30255,1
30257,1
30258,1
nozzles,1
btb,1
lghtg,1
hhv,1
slop,1
ozvlv,1
mpvlv,1
makeupvlv,1
dischare,1
lss,1
dow,1
supplw,1
30253,1
30256,1
vacum,1
pumpsupply,1
ashsply,1
zle,1
horzizontal,1
grinding,1
gtp,1
souyth,1
fluyshvlv,1
31seal,1
weal,1
revent,1
edwater,1
wiremold,1
ye,1
readers,1
rdr,1
leveler,1
poles,1
lan,1
pop,1
radios,1
phots,1
xmtrs,1
baile,1
bail,1
dear,1
ain,1
razine,1
3wswk5005103,1
otation,1
3c,1
vacsys,1
30165,1
dicsharge,1
metroash,1
openswitch,1
slosed,1
30550,1
30551,1
30552,1
30553,1
30554,1
boile,1
1151,1
isoatinvlv,1
977,1
equ,1
ipment,1
levator,1
gall,1
ery,1
soften,1
bserv,1
visor,1
021,1
general,1
trsply,1
30227,1
31aph,1
8b,1
3463,1
3464,1
bicle,1
itchgear,1
swithgear,1
ub,1
recptc,1
rap,1
oc,1
lite,1
3100,1
amplifier,1
30542,1
30543,1
30544,1
30545,1
301pulverizer,1
302pulverizer,1
303pulverizer,1
304pulverizer,1
305pulverizer,1
306pulverizer,1
307pulverizer,1
308pulverizer,1
309pulverizer,1
310pulverizer,1
tanksply,1
30652,1
transmt,1
30538,1
30539,1
30540,1
30541,1
reduvlv,1
ntl,1
grvs,1
martinson,1
phtr,1
el1111,1
1132,1
1142,1
3410,1
3413,1
3412,1
3404,1
3417,1
3405,1
3418,1
3419,1
3421,1
3422,1
3423,1
3408,1
3420,1
3424,1
3426,1
3427,1
3431,1
3425,1
3429,1
30191,1
weather,1
interkock,1
receptale,1
purifier,1
1016,1
ik69,1
ana,1
lyzer,1
31519,1
31520,1
bsorber,1
30889,1
30890,1
3089,1
uipment,1
31518,1
31043,1
ikel73,1
30683,1
30681,1
ikel74,1
30682,1
ikel75,1
30680,1
ikel76,1
ikel77,1
ikel78,1
ikel79,1
ikel80,1
ikel81,1
30686,1
ikel82,1
ikel83,1
ikel84,1
ikel85,1
ikel86,1
ikel87,1
30914,1
pi30061,1
osal,1
micr,1
owave,1
depressurizing,1
lightngsply,1
hwuu,1
mxr,1
dschrg,1
aeratio,1
3718,1
3719,1
3720,1
3721,1
3713,1
3716,1
evlv,1
3717,1
3715,1
3722,1
3724,1
3725,1
3966,1
ischargevlvs,1
emmissions,1
compresso,1
chgear,1
305bu,1
lances,1
backpres,1
rglt,1
ulse,1
landfil,1
mac,1
hine,1
1103,1
30863,1
30864,1
preee,1
meteringvlv,1
recycletk,1
omng,1
pwrspl,1
pticles,1
cnsle,1
prntr,1
recptclssply,1
electrohydraulic,1
panelb,1
oard,1
binet,1
strument,1
946,1
2r,1
ntinous,1
wgn,1
movable,1
cnrtlvlv,1
31reserve,1
3coo0402,1
3coo0502,1
16v,1
ghting,1
saf,1
ety,1
31876,1
vers,1
potentiom,1
resvsply,1
maxiguard,1
contioner,1
maxiguar,1
restroom,1
pnbld,1
pers,1
warn,1
30589,1
30398,1
30408,1
30410,1
wr,1
30416,1
30417,1
30418,1
30421,1
loft,1
countertop,1
rooftop,1
retent,1
2400,1
35s,1
recei,1
spac,1
ndl,1
acpm,1
rinator,1
2line,1
3mserver,1
inver,1
engagemen,1
onsole,1
netwk,1
rcvrs,1
preamp,1
cndition,1
cnditione,1
landfll,1
contrl,1
ethernet,1
3c15j,1
behnd,1
31273,1
monitors,1
stheas,1
nrthea,1
nrthwe,1
inpu,1
gn,1
xdcrs,1
pss,1
trkn,1
mers,1
qsc,1
30186,1
30239,1
30240,1
sthwes,1
pressurizng,1
cndense,1
sanitary,1
3coo0404,1
3coo0506,1
ln5,1
ln50,1
incl,1
spares,1
3c00b3c00c,1
c004,1
mtrn,1
36s,1
30482,1
30483,1
30495,1
30496,1
30497,1
30509,1
30510,1
30511,1
30523,1
30484,1
30499,1
30500,1
30501,1
30512,1
30513,1
30514,1
30527,1
30528,1
30476,1
30489,1
30490,1
30502,1
30503,1
30504,1
30505,1
30516,1
30517,1
rhr,1
30518,1
30519,1
30531,1
30532,1
30533,1
30492,1
30494,1
30506,1
30507,1
panelboa,1
30508,1
30520,1
30521,1
30522,1
30534,1
30535,1
30536,1
3coo1301,1
3coo1901,1
3coo13,1
3coo1902,1
processing,1
3coo1702,1
30870,1
attem,1
pvlv,1
illu,1
minator,1
31prv,1
31ef,1
32ef,1
teel,1
inches,1
rehtr,1
plcs,1
pnls,1
antiscale,1
enterng,1
ten,1
ingitor,1
stopvlve,1
recirculationvlvs,1
ffvlvs,1
recover,1
3471,1
3470,1
34rtcb2,1
3a0001,1
3a0002,1
sour,1
3a1200n,1
3a1200s,1
rum,1
31877,1
31879,1
ditch,1
xtiev,1
3a1201,1
3a1202,1
3a1203,1
3a1204,1
3a1205,1
3a1206,1
3a1207,1
3a1208,1
3a1211,1
3a1212,1
3a1213,1
3a1214,1
3a1215,1
3a1216,1
3a1217,1
3a1218,1
3a1221,1
3a1222,1
3a1223,1
3a1224,1
3a1225,1
3a1226,1
3a1227,1
3a1228,1
3a1231,1
3a1232,1
3a1233,1
3a1234,1
3a1235,1
3a1236,1
3a1237,1
3a1238,1
3a1241,1
3a1242,1
3a1243,1
3a1244,1
3a1245,1
3a1246,1
3a1247,1
3a1248,1
3a1251,1
3a1252,1
3a1253,1
3a1254,1
3a1255,1
3a1256,1
3a1257,1
3a1258,1
3a1261,1
3a1262,1
3a1263,1
3a1264,1
3a1265,1
3a1266,1
3a1267,1
3a1268,1
3a3100n,1
3a3100s,1
3a3101,1
3a3102,1
3a3103,1
3a3104,1
3a3105,1
3a3106,1
3a3107,1
3a3108,1
3a3111,1
3a3112,1
3a3113,1
3a3114,1
3a3115,1
3a3116,1
3a3117,1
3a3118,1
3a3121,1
3a3122,1
3a3123,1
3a3124,1
3a3125,1
3a3126,1
dishwshr,1
3a3127,1
3a3128,1
3a3131,1
3a3132,1
3a3133,1
3a3134,1
3a3135,1
3a3136,1
3a3137,1
3a3138,1
3a3141,1
3a3142,1
3a3143,1
3a3144,1
3a3145,1
3a3146,1
3a3147,1
3a3148,1
3a3151,1
3a3152,1
3a3153,1
3a3154,1
3a3155,1
3a3156,1
3a3157,1
3a3158,1
3a3161,1
3a3200n,1
3a3200s,1
3a3201,1
3a3202,1
recps,1
3a3203,1
3a3204,1
3a3205,1
3a3206,1
3a3207,1
3a3208,1
3a3211,1
3a3212,1
3a3213,1
3a3214,1
3a3215,1
3a3216,1
3a3217,1
3a3218,1
3a3221,1
3a3222,1
3a3223,1
3a3224,1
opene,1
3a3225,1
3a3226,1
3a3227,1
3a3228,1
3a3231,1
3a3232,1
3a3233,1
3a3234,1
3a3235,1
3a3236,1
3a3237,1
wait,1
3a3238,1
3a3241,1
3a3242,1
3a3243,1
3a3244,1
3a3245,1
3a3246,1
3a3247,1
3a3248,1
3a3251,1
3a3252,1
3a3253,1
3a3254,1
3a3255,1
3a3256,1
3a3257,1
3a3258,1
3a3261,1
lkr,1
3a3262,1
flag,1
3a3263,1
lounge,1
3a3264,1
sidewalk,1
bollards,1
3a3265,1
3a3266,1
3a3267,1
3a3268,1
3a3300n,1
clc,1
3a3300s,1
3a3301,1
141,1
3a3302,1
3a3303,1
140,1
3a3304,1
3a3305,1
3a3306,1
3a3307,1
117,1
3a3308,1
3a3311,1
1121,1
3a3312,1
3a3313,1
3a3314,1
3a3315,1
3a3316,1
3a3317,1
3a3318,1
hyg,1
3a3321,1
3a3322,1
3a3323,1
3a3324,1
3a3325,1
bdrm,1
3a3326,1
3a3327,1
3a3328,1
3a3331,1
3a3332,1
3a3333,1
3a3334,1
3a3335,1
3a3336,1
3a3337,1
3a3338,1
3a3341,1
3a3342,1
3a3343,1
3a3344,1
3a3345,1
psd,1
3a3346,1
3a3347,1
3a3348,1
3a3351,1
3a3352,1
3a3353,1
3a3354,1
3a3355,1
3a3356,1
3a3357,1
3a3358,1
3a3361,1
3a3362,1
3a3363,1
3a3364,1
3a3365,1
3a3400n,1
3a3400s,1
3a3401,1
3a3402,1
3a3403,1
3a3404,1
3a3405,1
cordreels,1
3a3406,1
3a3407,1
3a3408,1
3a3411,1
3a3412,1
3a3413,1
3a3414,1
3a3415,1
3a3416,1
3a3417,1
3a3418,1
3a3421,1
3a3422,1
3a3423,1
3a3424,1
3a3425,1
3a3426,1
3a3427,1
3a3428,1
3a3431,1
3a3432,1
trounded,1
3a3433,1
3a3434,1
3a3435,1
3a3436,1
3a3437,1
3a3438,1
3a3441,1
3a3442,1
3a3443,1
3a3444,1
3a3445,1
3a3446,1
3a3447,1
3a3448,1
3a3451,1
3a3452,1
3a3453,1
pmc,1
3a3454,1
3a3700n,1
0041,1
3a3700s,1
ttc,1
lpeo,1
3a3701,1
contact,1
3a3702,1
3a3703,1
3a3704,1
foyer,1
3a3705,1
3a3706,1
3a3707,1
3a3708,1
3a3711,1
3a3712,1
3a3713,1
lgh,1
3a3714,1
base,1
3a3715,1
3a3716,1
3a3717,1
3a3718,1
3a3721,1
3a3722,1
3a3723,1
3a3724,1
3a3725,1
3a3726,1
3a3727,1
intercom,1
3a3728,1
3a3731,1
0090,1
3a3732,1
3a3733,1
3a3734,1
3a3735,1
0154,1
3a3736,1
0085,1
3a3737,1
3a3738,1
3a3741,1
3a3742,1
3a3743,1
3a3744,1
3a3745,1
3a3746,1
3a3747,1
0076,1
3a3748,1
3a3751,1
3a3752,1
3a3753,1
3a3754,1
3a3755,1
tranformer,1
3a3756,1
3a5600n,1
3a5600s,1
3a5601,1
3a5602,1
betz,1
3a5603,1
3a5604,1
3a5605,1
3a5606,1
3a5607,1
3a5608,1
3a5611,1
3a5612,1
3a5613,1
3a5614,1
ycle,1
3a5615,1
3a5616,1
hypclor,1
shaker,1
3a5617,1
3a5618,1
3a5621,1
3a5622,1
3a5623,1
3a5624,1
3a5625,1
3a5626,1
3a5627,1
3a5628,1
0075,1
3a5631,1
3a5632,1
3a5633,1
3a5634,1
3a5635,1
scc,1
3a5636,1
3a5637,1
3a5638,1
3a5641,1
3a5642,1
3a5643,1
3a5644,1
3a5651,1
3a5652,1
bi,1
ga,1
3a5653,1
3a5654,1
3a5655,1
3a5656,1
3a5657,1
smc,1
3a5658,1
3a5661,1
3a5662,1
3a5663,1
3a5664,1
3a5665,1
3a5666,1
3a7800n,1
3a7800s,1
xmit,1
3a7801,1
3a7802,1
3a7803,1
3a7804,1
3a7805,1
3a7806,1
3a7807,1
3a7808,1
3a7811,1
3a7812,1
3a7813,1
3a7814,1
3a7815,1
3a7816,1
3a7817,1
3a7818,1
3a7821,1
3a7822,1
3a7823,1
3a7824,1
3a7825,1
3a7826,1
3a7827,1
3a7828,1
3a7831,1
emc,1
3a7832,1
3a7833,1
3a7834,1
3a7835,1
3a7836,1
3a7837,1
3a7838,1
3a7841,1
3a7842,1
3a7843,1
3a7844,1
3a7845,1
3a7846,1
3a7851,1
3a7852,1
3a7853,1
3a7854,1
3a7855,1
3a7856,1
3a7857,1
3a7858,1
3a7861,1
3a7862,1
indt,1
thin,1
ats,1
0207,1
mv,1
fib,1
3b0101,1
3b0102,1
3b0103,1
3b0104,1
3b0105,1
3b0106,1
3b0107,1
3b0108,1
3b0111,1
3b0112,1
3b0113,1
3b0114,1
30143,1
31260,1
3b0121,1
3b0122,1
3b0123,1
3b0128,1
3b0141,1
3b0142,1
3b0143,1
3b0144,1
3b0145,1
3b0146,1
3b0147,1
3b0148,1
3b0151,1
3b0152,1
3b0153,1
3b0154,1
3b0161,1
3b0162,1
3b0163,1
3b0202,1
3b0203,1
30152,1
30657,1
dowcomer,1
3b0204,1
3b0205,1
3b0206,1
3b0207,1
3b0208,1
3b0211,1
3b0212,1
3b0213,1
3b0214,1
3b0221,1
3b0222,1
3b0223,1
3b0228,1
3b0241,1
3b0242,1
3b0243,1
3b0244,1
3b0245,1
3b0246,1
3b0247,1
3b0248,1
3b0251,1
3b0252,1
3b0253,1
3b0254,1
3b0261,1
3b0262,1
3b0263,1
3b0268,1
3b0301,1
3b0302,1
3b0303,1
3b0304,1
3b0305,1
3b0306,1
3b0307,1
3b0308,1
3b0311,1
3b0312,1
3b0313,1
3b0314,1
3b0321,1
3b0322,1
3b0323,1
3b0328,1
3b0341,1
3b0342,1
3b0343,1
3b0344,1
3b0345,1
3b0346,1
3b0347,1
3b0348,1
3b0351,1
3b0352,1
3b0353,1
3b0354,1
3b0361,1
3b0362,1
3b0363,1
3b0368,1
3b0401,1
3b0402,1
3b0407,1
3b0408,1
3b0411,1
rcvy,1
arming,1
3b0412,1
3b0413,1
3b0414,1
3b0421,1
3b0422,1
3b0423,1
3b0428,1
3b0441,1
3b0442,1
3b0443,1
3b0444,1
3b0445,1
3b0446,1
3b0447,1
3b0448,1
3b0451,1
3b0452,1
3b0453,1
3b0454,1
3b0461,1
3b0462,1
3b0463,1
3b0501,1
3b0502,1
3b0507,1
3b0508,1
3b0511,1
3b0512,1
3b0513,1
3b0514,1
3b0521,1
3b0522,1
3b0523,1
3b0528,1
3b0541,1
3b0542,1
3b0543,1
3b0544,1
3b0545,1
3b0546,1
3b0547,1
3b0548,1
ouput,1
sapd,1
3b0551,1
3b0552,1
3b0553,1
3b0554,1
3b0561,1
3b0562,1
3b0563,1
3b0568,1
3b0601,1
3b0602,1
3b0607,1
3b0608,1
3b0611,1
3b0612,1
3b0614,1
3b0615,1
3b0616,1
0077,1
bthrm,1
3c0100n,1
2236c9,1
3c0100s,1
22368d,1
3c0200n,1
223684,1
testy,1
3c0200s,1
2236af,1
smmpa,1
stackvision,1
sh1rspr1,1
sh2rspr2,1
sh2rspr3,1
sh1rspr4,1
shcr00005,1
shcr00006,1
k2000,1
3c0300n,1
2236a2,1
3c0300s,1
223686,1
bthrms,1
blown,1
rtnvlv,1
aeravlv,1
3c0331,1
3c0336,1
3c0400n,1
2236bd,1
3c0400s,1
2235e3,1
word,1
c3,1
n10,1
3c0500n,1
2236d5,1
3c0500s,1
2236cf,1
31ffu,1
3c0600n,1
22367a,1
3c0600s,1
222aa2,1
mold,1
ree,1
nr,1
supvl,1
ooster,1
oiltnk,1
3c0700n,1
2236ee,1
0094,1
0095,1
3c0700s,1
2236ab,1
0096,1
3c0800n,1
2224e2,1
3c0800s,1
2229d2,1
class,1
la,1
ndfill,1
302prv,1
303prv,1
304prv,1
3c0900n,1
222b03,1
3c0900s,1
222af8,1
paging,1
3865,1
stu,1
3c0941,1
3c0942,1
3c0943,1
3c0944,1
3c0945,1
3c0946,1
3c0947,1
3c0948,1
3c0951,1
3c0952,1
3c0953,1
3c0954,1
3c0958,1
3c1000n,1
222af7,1
3c1000s,1
222b0d,1
luch,1
offc,1
lsm,1
printers,1
3c1038,1
3c1100n,1
223687,1
3c1100s,1
2235f3,1
3c1101,1
3c1102,1
3c1103,1
3c1104,1
3c1105,1
3c1106,1
3c1107,1
3c1108,1
3c1111,1
3c1112,1
3c1113,1
3c1114,1
3c1115,1
3c1116,1
3c1117,1
3c1118,1
3c1121,1
3c1122,1
3c1123,1
3c1124,1
3c1125,1
3c1126,1
3c1127,1
3c1128,1
3c1131,1
3c1132,1
3c1133,1
3c1134,1
3c1135,1
3c1136,1
3c1137,1
3c1138,1
3c1141,1
3c1142,1
3c1143,1
3c1144,1
3c1145,1
3c1146,1
microlilm,1
3c1147,1
3c1148,1
3c1151,1
3c1200n,1
223692,1
3c1200s,1
223677,1
3c1201,1
3c1202,1
3c1203,1
3c1204,1
3c1205,1
3c1206,1
3c1207,1
3c1208,1
3c1211,1
3c1212,1
3c1213,1
3c1214,1
3c1215,1
3c1216,1
3c1217,1
3c1218,1
3c1221,1
3c1222,1
3c1223,1
3c1224,1
3c1225,1
3c1226,1
3c1227,1
3c1228,1
3c1231,1
3c1232,1
3c1233,1
3c1234,1
3c1235,1
3c1236,1
3c1237,1
3c1238,1
3c1241,1
3c1242,1
3c1243,1
3c1244,1
3c1245,1
3c1246,1
3c1247,1
3c1248,1
3c1300n,1
22368e,1
3c1300s,1
2236ce,1
3c1301,1
3c1302,1
3c1303,1
3c1304,1
3c1305,1
3c1306,1
3c1311,1
3c1312,1
3c1313,1
3c1314,1
3c1315,1
3c1316,1
3c1317,1
3c1318,1
3c1321,1
0099,1
eatng,1
00961,1
00962,1
0021,1
00963,1
3c1322,1
3c1323,1
3c1324,1
3c1325,1
3c1326,1
3c1331,1
3c1500n,1
2235f7,1
3c1500s,1
2235ea,1
3c1501,1
3c1502,1
3c1503,1
3c1504,1
3c1505,1
3c1506,1
3c1507,1
3c1511,1
3c1512,1
3c1513,1
3c1514,1
0552,1
3c1515,1
0553,1
3c1516,1
3c1517,1
3c1518,1
3c1521,1
3c1522,1
3c1523,1
3c1524,1
3c1525,1
3c1526,1
3c1528,1
3c1531,1
3c1532,1
3c1533,1
3c1534,1
3c1536,1
3c1541,1
3c1542,1
3c1543,1
3c1544,1
3c1545,1
3c1546,1
3c1547,1
3c1548,1
3c1551,1
3c1552,1
3c1553,1
3c1554,1
3c1561,1
3c1562,1
3c1563,1
3c1564,1
3c1565,1
3c1567,1
3c1568,1
3c1572,1
auster,1
3c1573,1
3c1574,1
3c1575,1
3c1576,1
3c1582,1
3c1583,1
3c1584,1
3c1585,1
3c1586,1
3c1587,1
3c1588,1
3c1591,1
3c1592,1
3c1593,1
3c1594,1
3c1595,1
3c1596,1
3c1597,1
3c15a1,1
3c15a2,1
3c15a3,1
3c15a4,1
3c15a5,1
3c15a6,1
3c15b1,1
3c15b2,1
rooms,1
3c15c1,1
3c15c2,1
3c15c3,1
3c15c4,1
3c15c5,1
3c15c6,1
3c15c7,1
3c15c8,1
0558,1
3d15d3,1
0559,1
3d15d4,1
3d15d7,1
3d15d8,1
3c15e1,1
3c15e2,1
3c15e3,1
3c15e4,1
3c15e5,1
3c15e6,1
3c15e7,1
3c15e8,1
3c15f3,1
3c15f4,1
recirculationvlv,1
scrb,1
backflus,1
backwsh,1
hypochlo,1
bb31,1
980,1
0204,1
3d1362,1
galaxy,1
meinberg,1
lantime,1
mary,1
ondary,1
3m391,1
selecto,1
nrt,1
prefltrs,1
isolaion,1
30289,1
31781,1
30290,1
30291,1
30293,1
30891,1
ftlr,1
ument,1
ssa,1
fdf,1
siolvlv,1
tubrine,1
instra,1
hr,1
dditive,1
ecycle,1
ime,1
lave,1
eiver,1
pupply,1
3830,1
hdrpressure,1
31furn,1
32furn,1
33furn,1
34furn,1
ssply,1
instrment,1
279,1
280,1
0281,1
30282,1
contrlvlv,1
k2,1
1252,1
308b,1
lev1010,1
307c,1
303d,1
irsply,1
segregation,1
leve,1
c0245,1
c0246,1
31o,1
d4,1
d5,1
c6,1
auxilliary,1
nection,1
sg1,1
sg,1
sepera,1
vacbrkvlvs,1
30824,1
30828,1
30829,1
30826,1
30830,1
30831,1
onn,1
30301,1
boil,1
30353,1
atomiz,1
fice,1
lfa,1
injtr,1
brimide,1
tro,1
ugh,1
equalzing,1
elemt,1
straine,1
300175,1
posn,1
hotwelli,1
makevlv,1
dischgvlv,1
absol,1
disconec,1
statn,1
hydz,1
ps30339,1
30339,1
isol32,1
30730,1
30346,1
30269,1
30962,1
polsply,1
container,1
outr,1
nner,1
1cwp,1
c0oler,1
ceiver,1
lti,1
clsed,1
adjustment,1
nitro,1
ktg,1
normalizing,1
strin,1
outpu,1
fety,1
black,1
temperatur,1
expansio,1
30655,1
30328,1
30151,1
vapori,1
spra,1
vacreceiver,1
c0547,1
c0569,1
suctheader,1
30156,1
infra,1
lyvlv,1
c1048,1
c1049,1
c1322,1
c1323,1
c1324,1
c1325,1
c1326,1
c1327,1
filtrr,1
c1525,1
c1526,1
c1527,1
c1528,1
31aqc,1
ossplyvlv,1
issplyvlv,1
transmiter,1
rainers,1
innr,1
cndsply,1
thvlv,1
plyvlv,1
c0421,1
c0422,1
c0423,1
c0424,1
c0425,1
c0426,1
31314,1
31315,1
31316,1
31317,1
flap,1
ambien,1
warnin,1
wrning,1
30089,1
30106,1
motorized,1
guardhouse,1
atlas,1
apf,1
15t,1
wrehouse,1
c0124,1
c0125,1
c0126,1
c0127,1
c0128,1
c0129,1
c0130,1
c0131,1
c0132,1
c0133,1
c0134,1
c0135,1
c0136,1
c0137,1
c0138,1
c0139,1
c0140,1
c0141,1
c0142,1
c0143,1
c0144,1
c0145,1
c0146,1
c0147,1
c0148,1
c0149,1
c0150,1
c0151,1
c0152,1
c0153,1
c0154,1
c0155,1
c0156,1
c0157,1
c0158,1
c0159,1
c0160,1
c0161,1
c0162,1
c0163,1
c0164,1
c0165,1
c0166,1
c0167,1
c0168,1
c0169,1
c0172,1
c0173,1
c0174,1
c0175,1
c0176,1
c0177,1
c0178,1
c0179,1
c0180,1
c0181,1
c0182,1
c0183,1
c0184,1
c0185,1
c0186,1
c0187,1
c0188,1
c0189,1
c0190,1
c0191,1
c0192,1
c0193,1
c0194,1
c0195,1
c0196,1
c0197,1
c0198,1
c0199,1
c0200,1
c0201,1
c0202,1
c0203,1
c0204,1
c0205,1
c0206,1
c0207,1
c0212,1
c0213,1
c0214,1
c0216,1
c0217,1
c0218,1
c0219,1
c0220,1
c0221,1
c0222,1
c0223,1
c0224,1
c0225,1
c0226,1
htf,1
togglw,1
cnrtl,1
tmep,1
toff,1
0039,1
ovrflw,1
idistat,1
air0humidistat,1
transmitte,1
ucces,1
dnr,1
retern,1
0187,1
0188,1
0189,1
0190,1
0111,1
eckvlv,1
aus,1
dwnstr,1
eam,1
bathr,1
fox2,1
mesh,1
networks,1
petcom,1
0196,1
anver,1
0197,1
0198,1
smpe,1
shelll,1
tt511,1
063,1
064,1
vrt,1
ers,1
ctbd,1
bkflsh,1
962,1
backwa,1
estart,1
hdrto,1
009,1
31498,1
31499,1
lsd,1
bldgvlv,1
coolerssply,1
unitssply,1
ntroller,1
intergral,1
oolant,1
trer,1
oolelr,1
illsply,1
cheller,1
31bph,1
31baq,1
wtrot,1
wtrr,1
30218,1
30219,1
rsply,1
hdrventvl,1
comer,1
30759sply,1
30759,1
30760sply,1
30760,1
30761sply,1
30769sply,1
30769,1
tempering,1
outltsply,1
cnden,1
exhstersply,1
inltsply,1
hydroge,1
urbine,1
ple,1
30267,1
rin,1
firs,1
efflu,1
ution,1
vavuum,1
blasting,1
uent,1
hbtn,1
shbutton,1
regu,1
discahrge,1
sensi,1
anexer,1
31922,1
31923,1
3859,1
3840,1
hihg,1
fluent,1
rvice,1
30281,1
c0241,1
c0056,1
conductiv,1
ity,1
aste,1
tieass,1
outvlve,1
clse,1
bet,1
ween,1
neutral,1
ization,1
neutraliza,1
effluentvlv,1
blendng,1
endng,1
bleedvlv,1
pumpseal,1
cooli,1
hausters,1
contuct,1
c1464,1
liefvlv,1
idity,1
desuperheaters,1
erator,1
storare,1
slnoidvlv,1
wasge,1
wdw,1
1con,1
demineralization,1
cloride,1
uard,1
carpen,1
ters,1
wood,1
mrg,1
toolcrib,1
rise,1
c052sply,1
c051,1
fountns,1
fountains,1
hdris,1
foutain,1
crib,1
u5,1
312c,1
restrooms,1
tric,1
w0mens,1
is0l,1
hwhg,1
jntr,1
31375,1
umidifier,1
diaphrm,1
elkay,1
softners,1
wtrh,1
hdrpressur,1
c1379,1
restrm,1
recievng,1
wharehouse,1
constr,1
indicatori,1
boos,1
pumppressure,1
new4,1
new3,1
accstic,1
recvry,1
mtrix,1
c1055,1
smplvlv,1
reciev,1
1156,1
1158,1
1157,1
1155,1
norma,1
intr,1
manhole,1
sluce,1
blrs,1
scrns,1
c1238,1
bear,1
rive,1
bkwh,1
uice,1
screens,1
devi,1
c0100,1
c0103,1
c0102,1
c0101,1
greenhse,1
orp,1
analyti,1
analytica,1
ytical,1
hem,1
analytc,1
analytical,1
dissolv,1
conductivit,1
ecific,1
cati,1
uctivity,1
caol,1
ucing,1
ulating,1
refer,1
but,1
efrig,1
ndct,1
cnductanc,1
hydrazin,1
sodi,1
lica,1
xygen,1
cndc,1
swapngvlvs,1
wast,1
sole,1
noid,1
assemble,1
30197,1
grab,1
30625,1
hypochlorie,1
insolationvlv,1
308d,1
u8,1
soluti,1
transisition,1
e10,1
945,1
30902,1
accuml,1
hypochlorinte,1
bu,1
ilding,1
ps31514,1
onnection,1
slaker,1
sho,1
showe,1
safet,1
showr,1
stndpp,1
qcs,1
isloatio,1
gvc,1
returm,1
31514,1
3198,1
accumlator,1
31154,1
31155,1
31156,1
31157,1
31158,1
strok,1
hypochl,1
ixer,1
30881,1
30882,1
32415,1
32416,1
32417,1
32418,1
32419,1
32420,1
32421,1
32422,1
32423,1
32424,1
32425,1
32426,1
32427,1
32428,1
32429,1
32430,1
32431,1
32432,1
32433,1
32434,1
32435,1
32436,1
32437,1
32438,1
32439,1
32440,1
32441,1
32442,1
32443,1
32444,1
32445,1
32446,1
32447,1
32448,1
32449,1
32450,1
32451,1
pumpbypas,1
compose,1
integra,1
american,1
flume,1
samplng,1
31159,1
31160,1
31161,1
31162,1
31163,1
31164,1
31165,1
31166,1
31167,1
31168,1
31169,1
31170,1
31171,1
31172,1
31173,1
31174,1
31175,1
31176,1
31177,1
31178,1
31179,1
31180,1
31181,1
31182,1
31183,1
31184,1
31185,1
31186,1
31187,1
31188,1
31189,1
31190,1
31191,1
31192,1
31193,1
31194,1
31195,1
31197,1
cvc061,1
dmn,1
rlzr,1
qual,1
ppsply,1
oth,1
demins,1
31226,1
c019,1
c027,1
30378,1
30379,1
30380,1
30385,1
30390,1
30391,1
30392,1
30393,1
30394,1
30395,1
30396,1
lg,1
diffe,1
ntial,1
dmnrlzr,1
polishin,1
nal,1
c0414,1
c0415,1
c0797,1
c0798,1
c0799,1
c0808,1
c0839,1
c0851,1
c0857,1
loce,1
demineralizersply,1
c0282,1
c0331,1
c0396,1
c2339,1
c2340,1
vaisala,1
swril,1
pulver,1
izer,1
tre,1
30564,1
30565,1
30894,1
30895,1
3166,1
3167,1
3168,1
pulverzier,1
drin,1
isoltelltale,1
3175,1
3176,1
3177,1
gallon,1
indicatorication,1
instrumention,1
hdrcntrlvlv,1
hanger,1
vrtl,1
waterwall,1
ctf,1
road,1
roads,1
various,1
roadway,1
property,1
radioactive,1
sources,1
emical,1
moto,1
accu,1
mulator,1
6well,1
7well,1
sump16motor,1
2sump16motor,1
hwhc,1
feeders,1
acquisition,1
drink,1
hhla,1
hhli,1
detonator,1
ckts,1
wreh,1
lp1,1
p3,1
0056,1
0047,1
heller,1
sander,1
voest,1
country,1
wacheon,1
boring,1
clausing,1
marvel,1
saw1,1
sharp,1
electri,1
sss001,1
sss002,1
sh1,1
sh2,1
sh3,1
sh4,1
sh5,1
sh6,1
sh7,1
sh8,1
sh9,1
sh10,1
sh11,1
sh12,1
preparation,1
egrator,1
nteg,1
ndic,1
averaging,1
orifi,1
degassifier,1
rlock,1
excr,1
rince,1
dltn,1
southlevel,1
et1709,1
et1710,1
et1711,1
et1712,1
et1713,1
et1714,1
880202erve,1
para,1
lleled,1
eeb,1
disagreement,1
rely,1
energi,1
zed,1
energized,1
et504,1
parallel,1
parallele,1
transf,1
ormers,1
adjustme,1
met,1
voltmet,1
frequen,1
voltm,1
volta,1
rariator,1
linevlv,1
011134,1
ready,1
init,1
iated,1
startng,1
illvlv,1
1011,1
1064,1
0006,1
1065,1
149,1
1501,1
1513,1
0008,1
153,1
154,1
hopp,1
sepa,1
30958,1
30805,1
ps3,1
0957,1
pi30606,1
c006,1
hor,1
0022,1
0098,1
0070,1
1503,1
1505,1
recyclewtr,1
1014,1
stndby,1
jacke,1
scaug,1
emerency,1
30954,1
30953,1
30956,1
30955,1
harger,1
30427,1
ult,1
34prv,1
35prv,1
36prv,1
37prv,1
oor,1
2322466,1
2322467,1
quarterly,1
stknox,1
290,1
durag,1
710,1
lear,1
siegler,1
kj012601q,1
kj012601r,1
kj012601n,1
kj012601p,1
kj012601s,1
kj012601o,1
out,1
outb,1
oarb,1
xmiter,1
dewtring,1
155,1
156,1
bio,1
assay,1
1705,1
1706,1
1843,1
deice,1
ale,1
exha,1
moke,1
zome,1
trips,1
supplementary,1
insply,1
lowsply,1
malf,1
tndpipe,1
inkler,1
fwv,1
cente,1
fwvl,1
c1026,1
starts,1
troub,1
handl,1
lpap,1
c079,1
c080,1
0071,1
wieght,1
ixed,1
rlgvlv,1
satisfi,1
eun,1
tme,1
perature,1
basket,1
crabs,1
bnkers,1
2000a,1
warmvlv,1
swtchge,1
60v,1
generato,1
ft600,1
4160,1
inbrdt,1
inbrdj,1
31042,1
31041,1
stpxv,1
mechanism,1
calibrate,1
1018,1
narrow,1
manometri,1
31dc,1
32htr,1
permissives,1
cndssply,1
31drclr,1
32lphtr,1
eset,1
peggng,1
rp,1
onv,1
compensati,1
c0045,1
c0044,1
solto,1
hydazine,1
c0060,1
solutio,1
solut,1
earator,1
eaeratoutlt,1
thickner,1
leanng,1
alkali,1
hdrinj,1
ectionsplyvlv,1
fch,1
passvlv,1
vavle,1
backwas,1
plshrs,1
3n,1
regulato,1
pha1,1
pha2,1
phc1,1
phc2,1
dsl,1
handing,1
recic,1
fu16,1
conso,1
stations,1
ptacle,1
needlevv,1
audible,1
signaling,1
sge,1
dir,1
sen,1
instrum,1
precipitation,1
onverter,1
convew,1
rter,1
signa,1
convert,1
verter,1
located,1
if,1
totfr,1
ecorder,1
vacbag,1
interrup,1
pped,1
complete,1
any,1
disarmed,1
progress,1
epd002,1
complet,1
keyboa,1
steamsplyvlv,1
0043,1
0044,1
ipbclg,1
3511,1
3516,1
hrt,1
0042,1
3087,1
3507,1
3508,1
3505,1
3509,1
3510,1
3515,1
dain,1
piggy,1
ged,1
3504,1
scrubb,1
3506,1
ndensate,1
arator,1
3501,1
mst,1
turbi,1
startu,1
035,1
heati,1
3738,1
ainer,1
ormal,1
orm,1
3928,1
12th,1
dich,1
3349,1
shk,1
0037,1
0038,1
c113,1
c115,1
45kw,1
c237,1
c239,1
eneration,1
nurses,1
exits,1
hauster,1
3601,1
adj,1
h302,1
002,1
supts,1
supvs,1
photo,1
3604,1
xfrblwr,1
u13,1
306c,1
protec,1
3605,1
saa,1
llmill,1
cl6,1
locomotive,1
3801,1
3802,1
3808,1
3809,1
3810,1
3804,1
3727,1
3726,1
3728,1
3620,1
3619,1
3622,1
3621,1
2n,1
desupe,1
desuperstr,1
moorhead,1
rhv,1
bdtk,1
pressurizati,1
desupht,1
ock,1
lghting,1
recov,1
3705,1
3706,1
actor,1
chgr,1
nterlock,1
panelboar,1
c114,1
3807,1
3381,1
other,1
pipeline,1
termination,1
3091,1
pressuriza,1
pressuriz,1
eserv0ir,1
303a,1
stndpipe,1
1025,1
irewtr,1
eact,1
unt,1
elug,1
firepp,1
spri,1
nkler,1
30373,1
30574,1
30370,1
30371,1
30664,1
30224,1
30405,1
c0570,1
bypasss,1
96,1
burried,1
accelrator,1
rell,1
windg,1
f1,1
f2,1
nulus,1
dff,1
tside,1
ligting,1
ligtng,1
shelve,1
hosereels,1
standp,1
rks,1
hdrsprnklr,1
shelves,1
cfic,1
sil,1
ica,1
machineshop,1
supe,1
rvisory,1
superv,1
isory,1
bgr,1
supr,1
d024,1
d009,1
d017,1
018,1
986,1
978,1
stock,1
signout,1
do50,1
3331,1
programming,1
prints,1
jn,1
rangevlv,1
enclosures,1
tunnel,1
reclm,1
dimmer,1
cds,1
dsp,1
dish,1
b0,1
1077,1
optolinx,1
polling,1
deskjet,1
694c,1
streem,1
inator,1
ndication,1
31232,1
31235,1
31233,1
31236,1
31237,1
oke,1
3276sply,1
hpt,1
3201sply,1
3256sply,1
darin,1
htgsply,1
gatevlv,1
fit,1
14ff,1
805,1
3220s,1
3224sf,1
3233s,1
3241s,1
3234s,1
3242s,1
11ff,1
hau,1
02ff,1
megawatt,1
lid,1
e401,1
06ff,1
33sply,1
30441,1
30442,1
3443,1
3444,1
3445,1
3446,1
30437,1
30436,1
30435,1
30434,1
30439,1
30440,1
30438,1
31402,1
31403,1
30460,1
30464,1
30465,1
30454,1
30453,1
30452,1
30451,1
30448,1
30447,1
ahuu,1
30459,1
30458,1
30457,1
globevlv,1
decector,1
c131,1
c132,1
c134,1
c133,1
expa,1
controm,1
c0521,1
c0519,1
c0522,1
c0523,1
c0524,1
c0525,1
c0526,1
c0527,1
c0516,1
c0515,1
c0512,1
c0511,1
c0510,1
c0509,1
c0506,1
c0505,1
c0520,1
c0518,1
c0517,1
outdamper,1
c424,1
3252sply,1
3250sply,1
c432,1
3401sf,1
balanceoutlt,1
fff,1
ffout,1
prsr,1
analyical,1
reflecter,1
analzyer,1
trnsc,1
isoator,1
progmr,1
average,1
enhanced,1
1ef,1
2ef,1
4ef,1
integrity,1
scid,1
xtfer,1
custody,1
flowmete,1
ds9,1
dy10,1
dy11,1
dy12,1
dy13,1
dy14,1
dy15,1
dy16,1
dy17,1
dy18,1
dy19,1
dy20,1
dy21,1
dy22,1
3053sply,1
3054sply,1
3055sply,1
3056sply,1
3057sply,1
3058sply,1
3059sply,1
3060sply,1
3061sply,1
3062sply,1
3063sply,1
3064sply,1
3065sply,1
3066sply,1
3067sply,1
returns,1
gersply,1
generationsply,1
301cf,1
302cf,1
303cf,1
304cf,1
305cf,1
306cf,1
307cf,1
308cf,1
309cf,1
310cf,1
311cf,1
312cf,1
313cf,1
314cf,1
315cf,1
316cf,1
317cf,1
301ef,1
302ef,1
303ef,1
3002sf,1
3006s,1
3021sf,1
3022sf,1
3023sf,1
3016s,1
3020s,1
3012sf,1
3101sf,1
3102sf,1
3109s,1
3110s,1
3115sf,1
3117sf,1
3116sf,1
3118sf,1
3120sf,1
3122sf,1
3119sf,1
3121sf,1
3123sf,1
3125sf,1
3124sf,1
3126sf,1
3129sf,1
3131sf,1
3130sf,1
3132sf,1
3135sf,1
3136sf,1
3127sf,1
3128sf,1
3141s,1
3143sf,1
3147sf,1
3149sf,1
3142s,1
3144sf,1
3148sf,1
3150sf,1
305cabf,1
313prv,1
315prv,1
314prv,1
316prv,1
3463mfd,1
3464mfd,1
3465mfd,1
tc1,1
tc3,1
3155sf,1
machinery,1
3ot,1
transiti,1
054sply,1
hsply,1
serva,1
ification,1
c122,1
ifier,1
pansion,1
c156,1
c157,1
c159,1
c158,1
chwp1,1
drefilter,1
desuperheatr,1
idifier,1
desuprheated,1
c0544,1
c1265,1
c1266,1
c1267,1
c1268,1
c1269,1
c1271,1
c1272,1
c1274,1
c1275,1
c1264,1
c1276,1
c1501,1
c1277,1
c1278,1
c1279,1
c1270,1
3tb,1
3332sply,1
oulet,1
c125,1
c126,1
c127,1
c128,1
1chiller,1
c129,1
c130,1
humitidy,1
efficien,1
c1371,1
servi,1
4prv,1
6prv,1
7prv,1
9prv,1
11prv,1
3prv,1
5prv,1
8prv,1
10prv,1
12prv,1
7sf,1
9ef,1
6sf,1
6ef,1
5sf,1
simulation,1
hub,1
instructor,1
dot,1
1prv,1
2prv,1
resi,1
stance,1
termperat,1
labroratory,1
energy,1
d126,1
3332,1
c0484,1
c0485,1
c0486,1
c0493,1
c0494,1
c0495,1
c0489,1
c0488,1
c0492,1
mameup,1
c0487,1
c0502,1
c0503,1
c0504,1
acros,1
c0500,1
c0499,1
c0498,1
c0497,1
c0501,1
c0496,1
c0806,1
c0807,1
channe,1
2ts,1
psb,1
comprssor,1
hde,1
plusing,1
recyclebasin,1
ber,1
15psi,1
additivr,1
additivt,1
sft,1
interconn,1
amber,1
mber,1
0031,1
0032,1
receivers,1
1aux,1
unloadin,1
aftrclr,1
aftercoo,1
vlk,1
vbration,1
comoressor,1
mani,1
fold,1
actuato,1
iinlt,1
wtrhtrdrn,1
throt,1
pivlv,1
pivl,1
00909,1
00908,1
wafer,1
inimum,1
hdrflush,1
31358,1
unit3,1
pressuer,1
j0g,1
disff,1
oa,1
2013,1
f150,1
bullpen,1
gitation,1
thic,1
prp,1
cancelled,1
debur,1
cs56b,1
10k,1
e224,1
31241,1
4848709,1
4848704,1
4848696,1
4848710,1
4848711,1
700g,1
302089sd02l600,1
pw1,1
diferential,1
mdee,1
h20,1
burst,1
boilers,1
posit,1
c3013,1
c3014,1
c3011,1
automated,1
ignit,1
regulatorvalve,1
200gal,1
puessure,1
elemnt,1
drainer,1
3fac,1
4fac,1
5fcd,1
5fhl,1
4013,1
4134,1
4136,1
2fgj,1
3fkm,1
4fef,1
5fad,1
5feh,1
tote,1
film,1
forming,1
prod,1
sbwbs,1
jmsi,1
c3003,1
c4003,1
pt2,1
fu21,1
pt6,1
fu25,1
cpt3,1
cb72,1
cpt4,1
fu9,1
fu8,1
pt1,1
fu11,1
pt5,1
fu23,1
cpt1,1
gateway,1
cb70,1
cb71,1
cpt2,1
fu3,1
fu2,1
cb50,1
cb51,1
cb52,1
cb54,1
cb55,1
cb56,1
cb58,1
cb59,1
cb60,1
cb62,1
cb63,1
cb64,1
cb66,1
cb67,1
cb68,1
cb46,1
cb47,1
cb48,1
cb24,1
cb25,1
cb26,1
cb22,1
cb36,1
cb37,1
cb38,1
cb32,1
cb33,1
cb34,1
cb40,1
cb41,1
cb42,1
cabprimary,1
anodamine,1
027,1
028,1
4514,1
4513,1
4502,1
4503,1
1fdwtr,1
3fdwtr,1
150a,1
bench,1
cb4,1
estop,1
cb5,1
cb6,1
cb7,1
cb8,1
cb9,1
cb10,1
cb11,1
cb12,1
panelview,1
cb19,1
ef1,1
mpcb1,1
ef2,1
mpcb2,1
ef3,1
mpcb3,1
ef4,1
mpcb4,1
ef5,1
mpcb5,1
blowout,1
6920b,1
50in,1
c3021,1
c3022,1
c4021,1
c4022,1
cmd,1
4440,1
celing,1
600aj,1
259d3,1
1inh20,1
24vac,1
c005,1
suppr,1
inserting,1
strap,1
mdeh,1
mdei,1
aub,1
8864,1
vision,1
netgear,1
optics,1
eaton,1
cleanup,1
umbilical,1
generic,1
prairie,1
scho,1
oner,1
keithly,1
hew,1
assigned,1
precision,1
rface,1
mdl,1
scopemeter,1
tester,1
only,1
20000psi,1
kit,1
digiatl,1
dig,1
ital,1
850,1
remvd,1
ved,1
barometer,1
montrng,1
convenience,1
merc,1
rite,1
jig,1
tempurature,1
electronic,1
variac,1
autotransformer,1
radiation,1
ur,1
oscillator,1
beta,1
miracle,1
mricle,1
ampmeter,1
cacacitance,1
inductor,1
checker,1
alnor,1
dewpointer,1
dale,1
hance,1
craig,1
lassi,1
lavoi,1
dell,1
micron,1
lambert,1
wayne,1
bauer,1
thinkpad,1
powerwave,1
wimmergren,1
krych,1
stackflow,1
logicmaster,1
ultrasound,1
waterjet,1
unassigned,1
riverside,1
joel,1
abel,1
todd,1
van,1
nurden,1
koecher,1
dalton,1
landwehr,1
vibralign,1
tachomet,1
100vdc,1
profile,1
hardware,1
compu,1
handheld,1
held,1
trnsds,1
cables,1
flourotracer,1
opticle,1
